"","ABCB6","ACTN1","ATP5F1A","CKS1B","COX18","DDX27","GASK1B","GMNN","KNOP1","MAMDC2","ME2","MOB3A","NFE2L3","PLPP2","RELL2","SLC24A3","SRPX","ST7L","UBD","type"
"TCGA.3M.AB46.01",5.92181003165235,7.83709529545368,8.03216721059691,11.9376013005178,5.36652682742966,9.40989027905346,6.91453316035787,10.6797307913205,7.47281349620371,3.42736810051954,7.79018061725845,5.69228545213616,8.15155037364876,9.1089667200081,5.20134757871411,7.10623068743278,6.12793890238613,5.15265051283643,10.6939792358362,"Cancer"
"TCGA.3M.AB47.01",5.3737599823334,8.34629921596748,8.88092135883412,9.79268041598948,5.95663770757474,8.26809130868111,8.47580366977482,8.94559425321366,6.51737725257525,4.46095666602217,9.74691392622403,6.03417488305865,6.18109746327994,8.63654164376793,5.1039519377089,8.66518700517935,8.32863513851204,5.77428893648951,8.24396656099408,"Cancer"
"TCGA.B7.5816.01",5.58229227687503,8.93367528047789,8.72418046642973,10.1233954660964,5.61342196626833,8.27797796532426,7.7265695534024,9.43265318689737,6.72170767403885,3.42241288792529,8.4833498957392,5.9297127493915,8.0950780233882,8.82720786230052,5.51890276471029,6.56135334006365,7.39859398291094,4.5757165598823,11.3966805295083,"Cancer"
"TCGA.B7.5818.01",5.02642621918789,8.177853291478,8.27590959378989,10.4573450868293,5.67998789641765,8.2985956029422,6.2544324082937,9.46553627280825,6.80663303087254,3.07599476248883,7.38291325717712,5.8585335325848,7.3787083603982,7.89638291077432,5.16174183218694,5.54600200145859,4.11189973090221,4.87123636352224,11.447355150708,"Cancer"
"TCGA.B7.A5TI.01",6.41532535035296,8.10502546655215,8.52418285872974,10.7438861374835,5.93560202244633,7.84825014114302,7.50105642367857,10.1470949293424,6.921925825267,3.63425154735752,8.3282589518297,5.66078526503797,7.23094409142001,8.30988286793949,5.18025239405167,6.59121633092082,6.63168468522065,5.24559658960102,10.296626120331,"Cancer"
"TCGA.B7.A5TJ.01",6.30242070272571,8.77499421249699,8.5289419944524,10.4619799052083,5.72927679672854,9.37012845632239,7.88225628789472,9.62202517098925,7.31098412521519,3.9164287913942,8.42401775685598,5.51214269120165,7.82754663290565,9.1327700545216,5.88658879989494,6.31867890933918,5.37296549531547,5.13696668436916,9.09382092960632,"Cancer"
"TCGA.B7.A5TK.01",5.37616805899427,9.19474979664493,8.25245831011556,10.5620194630083,5.70755056607187,8.58010734304756,7.41153483452147,9.15048805590854,6.52374105293882,5.81760407913836,9.0244374810148,6.17909001413342,8.65656938220547,8.09124622712326,5.2115181402381,6.83204746559676,6.93740275876712,4.98373318118047,13.3664274134698,"Cancer"
"TCGA.B7.A5TN.01",5.50543995509579,8.6400311291836,8.32722046315055,10.0036344922602,5.46118624077285,9.05975415086451,8.15853153895918,9.61392486272272,7.23934229303662,3.67014275808968,8.28748296022469,5.85398008335758,7.39169562543625,8.9909807326282,5.6921084870324,7.8742745473451,7.29186361011258,4.94955024703822,11.4455436544579,"Cancer"
"TCGA.BR.4187.01",5.73185684921796,9.14213112423933,8.72215904963831,9.12803412377307,5.72575685647531,8.35659805503696,9.83119201541197,8.95910417796676,7.10154370085229,7.56228894933991,9.22519503996542,5.96108767437248,7.46088606211847,7.44610072199576,4.97178044776851,8.29768315886801,10.8006234297121,5.77127560852539,8.11966155171386,"Cancer"
"TCGA.BR.4257.01",5.29756105208539,8.48585977685202,9.11090209250439,10.8972190462134,5.70438133622244,8.47266055175757,7.33659303854855,9.99048975071083,6.56752967337898,3.10156762901404,9.62792901913725,5.56757109719994,8.34813339746773,9.11819942828256,5.17889325671802,6.58727257576206,7.84926366574625,5.0044383275739,8.34997186369051,"Cancer"
"TCGA.BR.4280.01",5.72656935646472,8.10545188359992,8.99518554917049,10.0587646903386,5.97034216245532,8.3042668820446,6.39802083796466,9.76945047451898,6.73243947426144,3.09211741505803,9.54188343478554,5.65186457890623,8.56006350423784,8.92754599049914,5.21387479886452,5.16031485901749,5.41369654635061,5.41079101589018,10.8601237886249,"Cancer"
"TCGA.BR.4292.01",5.89692764427772,8.34738551504451,9.01913407702004,10.4427504218377,5.8752244083305,7.66652273434444,6.56293594288399,10.1748534499848,6.79666378896775,3.34280654485462,9.65039876404341,5.59950893755793,8.30924537014032,9.1193885491564,5.41248105140468,5.17172747502326,5.71643874820743,4.84411087041051,10.8976667614676,"Cancer"
"TCGA.BR.6452.01",5.61598855652449,8.31615702883666,8.86943684556329,9.85845949907258,6.0120000937399,8.01818930952571,6.85086911192302,10.1135261872053,6.72995123294012,3.56118628966162,9.28348086175584,5.92447089332663,7.67425253966131,8.76166432833708,5.69966284556338,6.37773357232499,6.05189896370997,5.16749130356585,10.6659371254937,"Cancer"
"TCGA.BR.6453.01",5.99556822875725,8.08327793602259,8.84681541176584,9.64587618478662,5.55222799013794,8.85780981492177,7.4628559510136,9.16295926896036,6.85802176188677,5.18539948218551,8.64593900425543,6.43377142953073,6.72223748514328,8.65723579319412,5.26114401313667,7.46647097377831,10.3009393087982,5.64906277288334,10.2613260424177,"Cancer"
"TCGA.BR.6454.01",6.29503000151633,8.06922637992824,8.48300674318523,10.0844901564955,5.66009169193448,9.54523759219465,6.98487961719378,9.96397662200084,6.72165982091216,3.80397144246634,8.21724662390844,5.96171116095216,8.5057658894473,8.9766096106784,5.52406380738638,7.36817218082541,5.49665917092669,4.96303663379024,12.3408662562851,"Cancer"
"TCGA.BR.6455.01",6.65661062344164,8.2963820740088,8.92434473889316,10.5381097841172,5.97358565791909,9.01903772412754,6.9289890898641,9.49294362902274,6.74830828259476,4.29748806915714,9.47360859610787,5.82837447870664,7.67940906348175,9.05566045629621,5.19455548978057,6.15265180500189,6.29969429782169,5.11721514368341,11.412393383165,"Cancer"
"TCGA.BR.6456.01",6.31277305119363,8.8510674207045,8.26578678947979,10.1726904113648,5.46609623864726,8.94840551763563,7.82171452574649,9.12305777435819,6.52883935895338,5.83650213676365,8.4521201349374,6.05302854516055,9.64105956525906,9.160636217209,6.10921371352995,8.04972138117006,7.99239437412212,5.15426497806102,9.49727557283532,"Cancer"
"TCGA.BR.6457.01",6.04195611204122,9.37848590574294,8.53023446541285,9.23639285155782,5.46303151008942,8.55581216374808,8.38513825341036,8.36650893235982,6.60162031157857,7.7803712587301,8.12798718776026,6.3027699168709,7.4821234740846,8.66242277273206,5.42654524194325,8.21535064022893,9.82194817581881,5.43503727389521,11.468366510665,"Cancer"
"TCGA.BR.6458.01",5.97527520181782,8.59508818369641,8.71840835753573,10.1184515599069,5.54658327827653,9.21602875793104,7.5681310493061,9.49746576226903,6.94160745588698,3.81217348646867,8.65189807453862,5.87139743224691,8.58938792903176,8.36799126701913,5.61831116736456,6.68199797743459,7.38148763751176,5.51009999787257,9.95992985306532,"Cancer"
"TCGA.BR.6563.01",5.56163594314601,8.46852707290972,8.65323507144375,9.03765916363143,5.78743895355529,8.30097978593253,8.53121230062575,8.17236545129902,6.54390719606475,5.90961179657331,8.72293060653127,6.13949932266366,7.17013892224563,8.71569522348172,5.23457329540718,8.57433555544154,10.4127138786583,5.77668129509813,10.7955742775273,"Cancer"
"TCGA.BR.6564.01",5.88673123477706,9.70239697365034,8.53426610489254,9.24579046795123,5.46032694145279,8.38040062476448,8.03924182892961,8.43771100806144,6.550559437638,8.46939268549138,8.23842151824356,6.31666899496456,6.17124415238179,8.31526958593458,5.17972824554949,8.22279652416748,8.89711581607165,5.45482273041587,12.016775509103,"Cancer"
"TCGA.BR.6565.01",5.79988015143352,8.70854911038165,8.74607985161079,10.3917845600279,5.53847430796451,9.40777885185686,7.5643882753692,10.09100017131,7.79847992066719,5.4337291361408,9.4071129140928,5.86091881799776,8.26021051215148,7.95114578689883,5.63453436152542,6.72335559241297,6.53674237710267,5.05382031026813,12.4180385415603,"Cancer"
"TCGA.BR.6566.01",5.69222908554166,8.26560023196504,8.86340702890253,10.5719184179867,5.78589935435019,8.17898913419192,7.10190905642223,9.71625713487865,7.04440076066258,3.19958856313253,9.22561119841123,5.95342479979455,8.15569909201758,8.94364038441816,5.33816634737572,7.36800810493725,7.11489689309521,4.81013092209915,12.4063847807278,"Cancer"
"TCGA.BR.6705.01",5.97784809323708,9.21716922665122,8.57268932411715,10.315765409146,5.50209870249379,8.43567787027791,8.46484399841143,8.47327573093141,6.93064670326112,5.89334579219194,8.80226056289401,6.25044542553654,6.76918704073303,7.66224551444832,5.39202238614286,8.08266827349962,10.9638974496543,5.18571883757916,9.15395602683708,"Cancer"
"TCGA.BR.6706.01",5.5781292760259,8.75904459194949,8.64501628296848,9.67928001985383,5.76694471957041,8.91559677673681,7.57497624949559,8.91323829141159,6.85711905588816,6.25736367584183,9.02581931346535,6.18369192254017,8.40546657519628,8.62197753280831,5.30114672698941,8.02118269854998,7.4888437988286,5.18181668369368,12.599564865805,"Cancer"
"TCGA.BR.6707.01",6.08431690748568,7.85785901158265,8.83461477421958,10.7297215839787,5.95492195831581,8.94651388405933,6.7245167171684,9.84444998120487,7.45406433694111,3.03148115124355,9.34664005574167,5.88780708426693,7.53467928326574,8.21563950360138,5.09317249668733,5.65503534609502,5.51713076609392,5.1138394524372,13.1963740671263,"Cancer"
"TCGA.BR.6709.01",5.62947759254928,9.24933113992632,8.25746499011803,9.86311174891541,5.47728604531615,8.24476502164888,7.17940415394839,10.3293304856352,6.67757117549857,5.09416606851048,8.2324564736366,6.15219911048783,6.34996771686448,6.63572806638892,5.32449141008407,5.33840740381414,7.7103931048257,5.00584434483949,11.4096278511203,"Cancer"
"TCGA.BR.6801.01",5.91977449581957,9.2897723882761,8.67793677070192,9.54104720174132,5.77013483580179,9.06515413132219,6.88093570606764,8.7435173349003,6.71675223265945,5.66255011973882,8.54908687087361,5.92148830798566,9.20203425275093,9.31391857718924,5.8720678729483,6.8261783280601,6.61750254856266,5.1155746040308,10.514111741962,"Cancer"
"TCGA.BR.6802.01",5.28253527765589,8.53040486183216,8.71147929615476,10.065605154929,5.58157823707875,7.87861722920154,6.61451128063141,9.44221979519496,6.59631442144817,3.38239154953316,9.03681714307045,6.0289681353906,8.22672337839159,9.19461525843906,5.48353665721278,5.97329128403666,5.85417384554915,5.05551946027565,12.3811430566794,"Cancer"
"TCGA.BR.6803.01",5.7804965094167,9.48916836348139,8.67610623570926,8.64464235499009,5.41912266114689,8.43793522263866,8.09150150101099,9.08915155721308,6.87618158725134,7.76947667227368,8.64154312749991,6.26185308916316,6.33737924628087,8.49454916723223,5.33207190261183,7.71226027438327,10.1220699175561,5.48213034663793,9.96115128581681,"Cancer"
"TCGA.BR.6852.01",6.03243658522928,8.62887610847691,8.89100172651696,10.5652521787662,5.75722154719415,8.65245369249917,6.97506056934359,9.93325275272208,6.5858847315693,3.35788021173787,9.19171199222355,6.16010417505718,9.23559302695028,8.79700953659454,5.68301286411442,6.43944619682588,6.60167991534602,5.07223715622267,13.1660679290777,"Cancer"
"TCGA.BR.7196.01",5.36620242411359,8.85464262412724,8.44367678270619,9.04432732317447,5.58760176042159,8.61354363658998,7.86058691010315,8.89967725108834,6.55075441762351,6.96541757367119,8.47552210594776,6.02183064394685,7.39861644768627,7.91706110759907,5.27412735075281,8.42227215064719,8.66135450333734,5.45830044430957,11.6180304524786,"Cancer"
"TCGA.BR.7197.01",5.83627178475628,8.99755269454932,8.49013607750843,11.2896953827112,6.13432489915867,9.31630441751785,7.17392984363232,9.99218090967934,6.81142371545097,4.79064079834873,8.43821195969571,5.5194906528524,7.65150147122521,8.06744603203029,5.5485686119942,7.21083160023014,6.54841877587748,5.21283076275316,9.76701531277444,"Cancer"
"TCGA.BR.7703.01",5.86105107089067,8.16629386199673,8.87312741880814,9.59533671771661,6.12096369249414,8.18853433278596,6.07666169257931,9.99303454695582,6.81892313462911,3.25451200532647,9.33581075264808,5.86591162408114,8.3855845035164,9.54876629348522,5.58120266098496,5.82469649009277,6.0170497769502,4.97706384300566,9.6788173476646,"Cancer"
"TCGA.BR.7704.01",6.0279686539464,8.5682660470786,8.52877535379271,9.61827453383394,5.9750250197261,9.1391058650416,6.5096877612717,9.81074919804601,6.71846347339235,3.50004662170943,8.49777746188593,6.1277824388252,9.10005736325001,9.34545912100542,5.73023778149786,5.54467922198328,5.94177986918223,5.30121816309382,13.2748051327031,"Cancer"
"TCGA.BR.7707.01",6.01689661042521,8.91149542918698,8.87549023982092,10.556443855079,6.14505427680541,8.13527770764464,6.50545063992686,10.2690474426603,6.69169163549243,2.92513308225119,9.32103329681791,5.7225347373943,8.13768884098734,9.30322878693832,4.92306112711727,5.70298972897127,6.05999446817562,4.66822198752978,12.3130408660732,"Cancer"
"TCGA.BR.7715.01",6.3335606295255,8.76578133595257,8.63032488482803,10.4567560724846,6.11164344756993,9.0801563886004,7.82405783848607,9.74916330976675,6.82355014303077,4.58602766459769,9.11014801445728,5.95132236033881,7.68649998496322,9.69964697536501,5.70219238770556,7.18437648402219,6.88478175511971,5.00641644295949,9.95961730109631,"Cancer"
"TCGA.BR.7716.01",5.83727898909997,8.41079542855451,8.5044111859341,9.46841450381795,5.63305254658621,9.7993285360772,8.67839943058344,9.30534226238576,6.77545292323425,4.24990396746453,9.21976879254287,6.03635136362411,7.88472298556708,8.30728214511078,5.64164985310578,7.75189988897947,6.47828936153699,5.0487834291005,12.1405730066612,"Cancer"
"TCGA.BR.7717.01",6.65008690690854,8.82578318893607,8.74050283224892,10.3069713269458,5.37604497777505,9.29618280983553,7.32272904478875,9.66646481590942,7.0013906844793,4.91542005904617,9.27627879838491,5.82526738562145,7.16048318523978,9.16546921389322,5.69156051810996,6.42335464752052,7.6276245356998,4.93156582541201,9.11966945209995,"Cancer"
"TCGA.BR.7722.01",5.38124805195848,8.25474721600621,8.48174502417503,9.39444109869921,5.74627411286605,9.08976334091883,6.63868889261606,9.30603185203188,7.06095749033445,4.87385189136038,7.29331639617686,6.01214919327261,6.94434073110922,9.30839855333572,5.24937310245138,7.35523940992563,6.23526586912751,5.32426910220619,11.8814380635571,"Cancer"
"TCGA.BR.7723.01",5.71017527428547,8.22326203994615,8.37940648857698,10.8051207409869,5.35057762828742,9.10156461294897,6.87138841752837,10.2612008901892,6.99258633404511,3.68650871711162,7.64619618185123,5.60072656543276,8.3361737854606,7.29063387387594,5.39982443326741,5.3646140253786,6.656340453512,4.77374255263098,10.0719930670523,"Cancer"
"TCGA.BR.7851.01",5.85122361465708,8.56563957656021,8.80790260173077,9.99650593260568,6.15030932485486,7.7523945573517,7.07519080344701,9.65601067508124,6.40191316777754,4.32348922633667,9.56312824482629,5.99273502643675,7.34329132069398,8.36772777312675,5.17577557997933,6.35743520469748,6.81846792244035,5.16643388922302,8.72991491024049,"Cancer"
"TCGA.BR.7901.01",5.88751418179194,8.92012324448486,8.40233791370778,10.8503120388358,5.78907102329069,8.90967495171577,8.04157107422048,9.691874736119,6.64959591412432,5.41335858144307,8.44534122927626,5.86849583567677,8.56748306942871,8.7655053197852,5.43686524558961,7.01626715182354,7.6864991309638,4.83994495302164,11.4088398086097,"Cancer"
"TCGA.BR.7957.01",5.64237228791838,9.18374494511793,8.6456319102696,9.20625098010217,5.66341681736105,8.63580986969477,8.8221671315575,9.0771547976452,6.59053249651216,7.67441550899466,8.88778644913152,5.90109740377083,7.0425768857505,7.62151024516121,5.12764914461435,8.50651570065189,9.41722056395289,5.56060959180839,9.64891606443323,"Cancer"
"TCGA.BR.7958.01",5.47400214558067,8.37022106775223,8.5125743275259,10.4390162533106,5.77310022375823,8.55945857128003,7.20035945620948,9.22062288464236,6.61481802365702,4.18659730498505,8.81602999580981,6.10416689939761,8.4259353514573,8.74441410958331,5.08238176131214,6.51922154061932,5.70482713631632,4.99126269848482,13.2201335408119,"Cancer"
"TCGA.BR.7959.01",5.82906846643099,9.10667675103235,8.44276605951828,9.49490320469006,5.7336378132955,8.72151514248521,8.42085508768235,8.66529888088743,6.31163846991696,6.08593169584724,8.63945487161736,5.86991205937533,8.08661679917098,8.27910602650217,5.84428193587866,8.24164409490398,7.5768224673629,5.33412535849874,11.4495250805974,"Cancer"
"TCGA.BR.8058.01",5.81376031812618,8.29366660359057,8.6785524092857,9.67682239190125,5.94768151736136,8.44200073967293,8.34071795098978,8.99717233954592,6.87349086252523,4.73404962268838,9.51986037079375,6.24091124474103,7.99728127271777,8.5338197183148,5.59665935809712,8.40694410575199,6.36449870884917,5.44044688467524,11.776947987761,"Cancer"
"TCGA.BR.8059.01",6.06927778791147,9.08237290003479,8.53284756486472,9.56141370876565,6.35766321720589,8.58084399599647,7.55361777461887,8.8168012826781,6.58145905016111,5.55583420331383,8.97148265002514,6.00806977959804,7.5627827950262,8.73311889599344,5.34924251784066,7.44170177539063,7.65614033298184,5.35011882430398,8.26738917751825,"Cancer"
"TCGA.BR.8060.01",6.32398340921788,8.49912060281162,8.23008157858854,11.1299756204651,5.95800384535113,8.77160229912265,7.43546338946122,10.2657096532642,6.99314874123003,7.22853935912601,8.77769739770632,6.02821500002691,7.28805079157663,6.12414009598035,5.73317017596316,6.5119216340738,7.53159782445253,5.22189804447411,9.36630801997538,"Cancer"
"TCGA.BR.8077.01",6.10935013740891,8.14200235381274,8.6155938391622,10.8538309044463,5.78786482193037,9.55372479372763,8.77955166705235,10.1996673344715,7.75784565690003,3.43258944146304,8.71885110781604,5.88923923383204,8.77327580141564,8.54395698116581,5.30465985451612,5.84049334755655,5.82008930737731,5.28541428141202,13.0731292614368,"Cancer"
"TCGA.BR.8078.01",5.17307749400005,8.34999323898001,8.70554433798353,10.1137489668172,5.89157211963489,8.08117947823432,7.29490531552992,9.8161635889481,6.5165292897023,3.43666580950543,9.10628001740327,5.95874023904588,8.35605009648607,8.9943238358528,5.02210792670428,5.76490898964337,6.20599981092859,4.84137995652926,11.9597496177441,"Cancer"
"TCGA.BR.8080.01",5.69460567852458,9.07640558912969,8.48726127727052,9.94308861266514,5.80865130032164,8.52956048508288,8.30113334830727,8.98148772905489,6.65413974373637,5.8007032737457,8.55698179707743,6.07512839220269,6.53837765062408,7.94084018212966,5.71316709594457,8.55616919977994,7.51508897853781,5.38680131628236,9.76106271964907,"Cancer"
"TCGA.BR.8081.01",5.67971013009884,8.32506398839715,8.8623626430222,10.6244417787166,5.97524823763811,8.13162342600578,7.39998883460266,9.67692425295666,6.1834472270391,3.85828408912062,9.38831303018418,6.0817325874665,7.54251982584452,8.10198277799763,5.23007351893167,6.55899921622931,7.78874510195297,5.24264374602918,12.7912506488596,"Cancer"
"TCGA.BR.8284.01",6.04721140831176,8.69136235189545,8.89166955322124,10.4101669732444,6.16900056075152,8.28981582551557,7.9110846477013,9.62675423554067,6.74521213598656,4.83693659248412,9.62866329897614,6.06744630968684,8.12725552548496,8.93995729361798,5.31073059731889,7.61539503879977,6.37998878098823,5.38842447303977,10.5339311282035,"Cancer"
"TCGA.BR.8286.01",6.14399943884076,8.21805247005309,8.52652038057632,10.9970128654541,5.92444854632983,8.51846567788006,7.44072011565239,10.9173138218147,6.74291425234512,4.43735130303538,8.89929989439713,5.69049601010078,8.97461580772849,8.32555353714173,5.22688099467053,6.26225803412266,6.45938013382032,5.52506344328177,12.0845004409656,"Cancer"
"TCGA.BR.8289.01",6.57104122853859,8.7937322753154,8.20066791588581,10.9786279333282,5.70004464670096,9.25172449422319,7.16999881351412,9.41192710710967,7.48181658400634,4.90404282665682,8.91301726723825,6.00681348917243,6.10414868349176,8.54550391006185,5.39771666379523,6.99041601857102,7.97722087017835,5.21775013741309,6.4535743615048,"Cancer"
"TCGA.BR.8291.01",5.82478775116235,8.34531546534507,8.41286131420244,9.37962361358847,5.6936866435152,8.48493188658369,9.47946587171409,8.90325188143288,6.46045171388249,6.20288132272553,8.62255593216983,5.99579967706548,8.01203258812284,8.05778916987845,5.62038127251694,8.92952207386085,10.0107974695275,5.97252907808326,11.5506358624264,"Cancer"
"TCGA.BR.8295.01",6.35170994160224,8.17318648695311,9.24895060038549,11.7101870826683,5.56514023995641,9.35754569199847,6.41633457520922,11.2274622972838,7.40431131454035,3.29598180872209,9.9187867079693,5.57048957412326,9.065142020571,6.34532035119368,5.33569752237056,5.59954126285104,6.21667658450465,5.17251212060609,8.93914577983602,"Cancer"
"TCGA.BR.8296.01",6.25136564716701,8.40852988293221,8.57487773800631,10.6094936005165,5.80813201217619,9.00621381883911,7.403489527753,9.23714329944219,6.63892637234521,4.1481232963668,9.05532801570705,6.20048489480061,8.04793176440518,8.98100780752153,5.74459655117826,7.21897401607102,6.38366121277273,5.37497730345074,11.7911438186709,"Cancer"
"TCGA.BR.8297.01",5.74956201430746,9.62512929978827,8.4168371910413,10.2383991127187,5.7150565261307,8.41519382939986,8.11530844299013,9.10496016771203,6.32246890741121,8.53770480655009,9.22496418530837,6.18596111181453,7.16410053085044,7.85566657335087,5.16583391253406,7.37711943906873,8.57258077020996,5.52289057957193,10.1500621183558,"Cancer"
"TCGA.BR.8361.01",6.3600691242545,7.84415807808956,8.95889043066265,10.7086710209259,5.90546760279044,8.0760438003835,6.49392795822148,9.23868318559924,6.30392192412354,3.31648549009882,9.49427678151704,5.66405062083744,8.69873061932134,8.692967317742,6.02968988139039,5.63286025382079,5.45436284049739,5.26137230488476,12.0591702412091,"Cancer"
"TCGA.BR.8362.01",5.68616418755083,8.87970146857513,8.82128431327529,9.81015139953437,5.76197928311087,8.15789424617326,8.55431734054441,9.05344244055798,6.57556546796707,5.22710902531596,9.52287449771116,5.87113050036798,9.6916366010052,8.41335067926097,5.77819047141117,6.29738954465404,8.03939434556383,5.48122729136466,11.3358759835314,"Cancer"
"TCGA.BR.8363.01",6.03555321122101,8.46715897956748,8.81127911500227,10.7146493475304,6.01819396769195,8.35368670990297,7.2667458666132,10.1172954944699,6.15023069484986,4.59730942334847,9.10566290365129,6.22609853917415,8.20582312718903,6.94861683695486,5.2087940007392,6.1078588858857,6.3209080970382,5.14667838069487,12.1452877278584,"Cancer"
"TCGA.BR.8364.01",5.58594334391522,9.32745708775917,8.19584123558461,8.80914868710212,5.6830700273528,8.22956480148068,9.52794564671921,8.6358755560455,6.36788150042149,8.23145494603943,8.29511603305137,6.22486762787838,6.99866022630593,7.54467202652133,5.30097570070653,7.74440039615474,9.30030926091834,5.66250186180506,11.3551094143346,"Cancer"
"TCGA.BR.8365.01",5.6576767701463,9.43190500398055,8.55076739937255,9.3756854349514,5.80845528346991,7.9082459294891,8.61264186381389,8.65837190253427,6.12862917719909,9.09029946600376,8.84782140487518,6.27935877422547,6.05797509153993,7.51361871007008,5.24883403698846,7.52825814455895,8.8995682149748,5.59111517547914,10.185300628492,"Cancer"
"TCGA.BR.8366.01",5.31447075600463,8.92581256777702,8.33092301018739,10.2663238298818,5.84784778886413,8.27338416236648,7.62164034136577,9.16914021636824,6.51323083423701,4.3380905852205,8.90353486157101,6.23392302424466,8.66064128508135,8.77922586809002,5.23692003343186,7.73067112743899,6.85895747855966,5.25838428033593,12.796030101591,"Cancer"
"TCGA.BR.8367.01",5.81128303655128,8.97588194026818,8.67892849443708,9.09435194307786,6.03555044785458,8.28176891558376,8.16624066173448,8.81842254822145,6.7508261189237,8.2415821465408,9.38847642119718,5.89467118489485,6.49335288948347,8.30162256083452,5.17084765581192,6.80008443304569,7.96778957434807,5.69218140446612,8.16580403940978,"Cancer"
"TCGA.BR.8368.01",5.79654444531074,8.01248890931405,8.95462670533322,10.5328761057643,6.18048146682895,8.61485356944146,6.71790812037314,9.78874405187428,6.71082702458614,3.40579427375255,9.09746054609795,6.05767481654807,7.64628245350381,9.31992646665207,5.15219020333722,5.25647480058606,6.16863114104751,5.2663247909185,9.74699008298882,"Cancer"
"TCGA.BR.8369.01",5.80434929017305,9.27985527203646,8.41208277356895,10.1108414749218,5.82369052194234,9.07769724122558,7.39771846540876,8.9187471019318,7.16045236153064,6.76228011770864,8.94537776190086,6.00258907123481,6.89082131604857,8.84118971014396,5.37530304843082,6.40139349218554,8.72540513062954,5.31731323291062,8.67086798016741,"Cancer"
"TCGA.BR.8371.01",5.72609630516228,9.7000401271533,8.69163561126799,8.59580222285053,5.79310077817848,8.38726703849861,6.90271986654816,7.79320040914451,6.40436380721342,9.53534900196792,8.59806950955208,6.45300513852169,6.01891064422352,7.28188655513437,5.18828473707449,6.60743519254264,8.72302312068418,5.52352485163766,9.8135999584199,"Cancer"
"TCGA.BR.8372.01",5.33776846481178,7.92902267504063,9.08814775087198,11.3964510326696,6.31409018246691,7.76795379911834,6.84861242455589,10.4234995045107,6.94570510831775,4.21240679358103,9.88887541006903,5.94147393464967,8.41802639374173,8.14509918215357,5.16045616955802,5.69052258058168,5.5022250032545,5.20716900600422,12.3850736358339,"Cancer"
"TCGA.BR.8373.01",6.40778592244402,8.42194587655251,8.44210076956198,9.05506553554939,5.36961909221147,8.84998967391098,9.0337185452077,8.95829742006177,6.26073203569358,4.82261939074343,8.95912108359134,5.74438612531446,7.48631031092937,7.20661800311651,5.60059341461232,7.29481088737566,6.65903793797359,5.52319885003357,10.4060890932079,"Cancer"
"TCGA.BR.8380.01",5.6013494496583,9.5614080710973,8.74778799038817,8.8931393791706,6.07679281741707,8.18196282548294,8.37169101928595,8.44546285684822,6.4085096792103,9.02957357387239,8.56550833147698,6.15477620427451,6.35951264659902,7.34598788881733,5.18391950550934,7.84730891232736,7.86481731380101,5.4470595953626,8.38600185970997,"Cancer"
"TCGA.BR.8381.01",5.26129874128174,8.21216068587352,8.74690704634415,10.8151723761336,6.15748853268381,8.79665445438106,7.47207520288475,9.36745431804972,6.74955547656752,3.57215966288237,9.39239158475847,6.11928703854412,8.8509474109563,8.61556089451904,5.23868727217751,7.14098958851944,6.4591177397314,5.33837433898444,12.625461282459,"Cancer"
"TCGA.BR.8382.01",5.65281922969532,8.75619208822564,8.78488449230298,10.2730052064421,6.09878734474479,7.97968121524211,7.19284310963142,9.41060833768442,6.44177292628876,3.94873190078754,9.28101358197768,5.86778057624893,7.90570361419989,8.04209504585999,5.01058964194029,6.84693345964755,7.37639335010538,5.26210732042757,12.9941431379464,"Cancer"
"TCGA.BR.8384.01",5.57049247537295,9.55538597213016,8.42527100929235,8.38395102178556,5.81865838739223,8.08522942308063,8.65243823975026,7.75919079284333,6.3646257913845,9.1336398647928,8.79544697675274,6.28540332071823,6.38230658608533,7.26670120317908,5.00223117576133,7.74651988316241,10.1510446742722,5.6721281524261,9.50724396480312,"Cancer"
"TCGA.BR.8483.01",5.99709036589846,8.25717063757192,8.69417671501565,10.6338660148597,5.71381921119487,9.8202149590161,8.37791081459886,9.75353084176198,7.41396317927057,4.0750707855318,7.40393049110434,5.82676920385593,7.9330732161337,9.57616299571957,5.69325231818766,5.67473076311418,6.23617893884539,5.30875755782986,10.1247991212324,"Cancer"
"TCGA.BR.8484.01",5.58147877152149,8.16856848913042,8.94324624378654,10.0334718200727,5.7419644244337,9.03289190468122,7.66033389971038,9.54788390530846,6.95656851315671,4.05034235496108,9.52927736170189,5.81778168990325,8.45936607526401,8.99863953532621,5.37353345137192,7.20718469842668,6.24126972215334,5.3075388926328,12.1788685364739,"Cancer"
"TCGA.BR.8485.01",6.18759094196998,8.36895636608642,8.80838107088293,10.5227253497252,5.91455960837211,9.57625343159674,8.04865032152561,9.34723508929129,7.00792278724001,4.80264400956713,9.28857081685567,5.78358575845228,7.76920974890121,7.12867996675015,5.69069574183335,7.07251951661538,6.93090682927773,5.33115866957698,10.3655286618217,"Cancer"
"TCGA.BR.8486.01",6.0594861276698,8.46777986395737,8.52621942427301,10.471774272863,5.67309600743161,8.32454231928751,7.64694099802106,9.12524492122163,7.08067025378171,4.21818861831435,9.02817860499889,5.82966568903536,6.90884302733872,7.84303338894666,5.60250422742551,6.6027887916599,6.23099355364073,5.19368850729703,9.77898981018121,"Cancer"
"TCGA.BR.8487.01",5.9544056483332,8.17696609284202,8.87470878782834,11.0767317686793,6.16752351777676,7.79738674176254,7.06138662018605,9.63535909609905,6.06507683487571,2.96477934663648,9.46729198005855,5.78169876531319,9.27075679973155,8.05551117426368,5.24065705286748,5.61098213812091,6.1764664623945,4.98220231515405,11.4872382939318,"Cancer"
"TCGA.BR.8588.01",5.88959642369948,8.74144542921815,8.75893707205336,10.7271798887897,6.02129030927038,8.22749230145074,7.56956594702991,9.29168168335517,6.64485094319119,5.47729639694146,9.2001991171519,5.94496919688299,7.36926654105195,8.86826385786561,5.19658443108189,6.3714167201113,7.66633689226273,5.19606298757965,9.92148680956186,"Cancer"
"TCGA.BR.8589.01",5.75170066019647,7.746780957265,8.45851092333659,10.8030351091142,5.98048072242285,9.09807287498148,6.84102990047988,9.58596314350053,6.70434406965303,3.26249125463303,8.9975743935568,5.89816716259254,8.56838854320407,9.01866988314295,5.26407842104297,4.96277407923327,4.56274402989173,5.00197573655974,12.9117867273011,"Cancer"
"TCGA.BR.8590.01",5.81259505851173,9.06368061790402,8.61872491833353,9.6408732067292,5.8759468825021,9.06866957436412,8.56247395065606,8.89544938127019,6.69099365366277,6.88946356741682,9.17133187333249,6.01027570698835,7.4263044569316,7.38637457157658,5.46326885447696,7.86144509095336,7.37370731306772,5.23077228243049,10.2507993485299,"Cancer"
"TCGA.BR.8591.01",5.7275557972483,8.38883308012913,8.81669874099297,10.2435922878577,6.00690275510633,7.7805970779023,7.23253561556212,9.53994353629925,6.61005752892677,4.23999820762747,9.21858953781191,5.74625503026991,7.93997554658071,9.01593408768812,5.37217181903426,6.05295511384823,6.34462118724062,5.03714892613279,11.683199408639,"Cancer"
"TCGA.BR.8592.01",5.6510889784703,9.55033289826609,8.56283964651997,8.60855023530465,5.83412974627807,8.18660381195495,8.58602316919509,7.94231563735162,6.39160467784195,8.8349762735221,8.88529457152092,6.27717738260623,6.1427965177736,7.29113366763828,5.22371421511766,7.86195339375126,9.11752547692596,5.65329942032169,8.0864077365371,"Cancer"
"TCGA.BR.8676.01",6.62280164324868,7.94569043199654,8.91592802100236,10.3167850721585,6.1862013644025,9.08366365335955,6.22788136905332,10.4544297663335,7.52128685942338,3.24360537615646,9.50109896212935,5.79748056586024,7.10857925278816,8.28211552447755,4.792551334474,4.51942062858588,4.82211260945323,4.7468586187544,11.0804217087935,"Cancer"
"TCGA.BR.8677.01",5.76297583961787,8.29979760218255,8.20533681302788,10.1521012401087,5.90388796845996,9.01791461071707,7.86342789478578,9.35232341768922,6.42109186664009,5.04510774237574,8.32193342687901,5.91406397014999,8.67742924833837,8.19243307122278,5.33114754472304,6.31101825585087,8.99478507171589,5.26957139604824,13.2213960676064,"Cancer"
"TCGA.BR.8678.01",5.72533758978873,8.38591946364643,8.6558565550764,10.6963928170296,5.84424651312962,8.71340284745597,7.35993453929217,10.4450438540979,7.17688737740044,7.14004033219586,8.64058024809988,5.73522489126766,7.1792901540516,8.8500198753505,5.58915291879818,5.48533906731853,5.41011165416912,5.75980801556957,11.8340490001487,"Cancer"
"TCGA.BR.8679.01",5.94278245215204,8.56872506052365,8.56762127763926,10.3967721855804,5.50400121984145,9.38608129089052,8.16045857588781,9.94415786718168,6.6665027278907,4.8153797630437,8.95136788746706,5.68687682762224,8.19181349747816,8.98243943784375,5.66957944198658,7.19917422552191,6.53901973989148,5.32593689220906,11.7833764249005,"Cancer"
"TCGA.BR.8680.01",5.74239767899989,8.39525840828816,8.78316274988818,10.9448323325529,5.91562174328819,8.57142611337084,6.77973306010677,9.31568629969687,7.07327110555202,2.97967284022999,8.39031570598206,5.74519441129823,8.98460676977359,8.78722047878996,5.69250053271635,5.37770138206358,5.8745413696085,5.17997670265006,6.67984985392399,"Cancer"
"TCGA.BR.8682.01",5.94088596999925,8.9610822951824,8.51438477399042,8.58168103125129,5.81136821436078,8.70197423642385,7.78806344408109,7.63013767761448,6.56024854105572,8.29397395641219,9.06135123253141,5.98777119218793,6.80955489812698,7.77314750371371,5.45648748865684,6.53763692897248,8.73378969570716,5.49841906346724,11.0903683555306,"Cancer"
"TCGA.BR.8683.01",5.64945123880412,8.83865669904928,8.31126802769295,9.67799497683716,5.55995142013886,9.19058292965846,8.76495279763012,8.87568445720032,6.46239043306822,5.17243116727396,7.85538116750452,5.88462163373198,7.82320207009267,7.48647883802272,5.70852535752965,6.8368227249679,6.67681586810363,5.43036585146125,9.73048954567735,"Cancer"
"TCGA.BR.8686.01",5.46958554517568,8.38211261573681,8.05952764517547,9.63065776311745,5.64776525750716,8.78502501866425,8.04349224484127,9.10714971407591,6.70689955255659,7.03535934069241,8.10043164715899,5.97496745652734,7.21707625270522,6.42197928063166,5.32200598289099,6.01615856461413,7.72119736510915,5.45200719395829,11.8931431458114,"Cancer"
"TCGA.BR.8687.01",5.84495496790003,8.22184174533665,8.74092238942554,9.6779205741034,6.05747738335443,8.65946214184567,6.9138619916368,9.21436519811568,6.98721519112233,4.59961051204599,9.36807971508844,5.61844698189285,7.69511961627342,8.53494943683033,5.30335992396992,6.53089374938006,6.59965037449981,5.02759586490312,8.8812000186482,"Cancer"
"TCGA.BR.8690.01",5.66384639306942,8.65010256155625,8.17284176241676,10.3948001582109,5.74539953145908,9.77255155040567,7.07746523938175,9.53488408612805,7.83725509023423,4.56144338018141,8.79056643344447,5.82434293766414,8.35327907230249,7.90827024533411,5.32344396208801,6.57192876677279,6.90016745266941,4.81259431101142,13.3177839281764,"Cancer"
"TCGA.BR.A44T.01",5.59354292982837,9.36970333911128,8.53555415363402,9.34289054705304,5.80875439663557,8.53336586416095,7.2896970638936,8.44989479208095,6.83193531344026,7.98967687572928,8.8704431974979,6.61477376944255,6.74823924172813,7.64159046903367,5.5992235866376,5.5808336719858,8.24300757056959,5.38671300219323,11.1804227940144,"Cancer"
"TCGA.BR.A44U.01",6.2054618037235,8.63355626227794,7.9486752073805,10.6488551425485,5.91596097866052,8.84553386597215,7.45287289054507,9.30577663692311,7.08704161043748,3.47853840337328,8.41565267788642,5.84098391289635,9.18309130658917,9.25511336907845,5.40073249602396,6.40827618590317,6.37881315244771,5.11191695257488,11.6931009927376,"Cancer"
"TCGA.BR.A452.01",6.27605353057649,8.41858645107831,8.46558318952178,11.7981266351423,5.58262163147163,9.38653522750672,6.43628010807863,10.3928853216932,7.41910920908268,5.91484454555648,7.43397451195543,5.82592052995804,8.08260156162507,8.77531739545221,5.826193563438,6.07761199109144,5.31844159030986,5.24849626689687,11.276629837464,"Cancer"
"TCGA.BR.A453.01",5.69611775055862,9.95558685378395,8.79672942039956,9.24069161733162,5.75203142982803,7.90154685679993,7.80383608322173,8.81350904338246,6.14020011252108,8.60607821057257,9.0054753201767,6.40380362157822,5.82093321447116,6.73760219444939,5.17084765581192,7.00739974938916,11.4801250305704,5.45376960264876,8.21846250932599,"Cancer"
"TCGA.BR.A4CR.01",5.47710934736867,8.2411445858721,8.67813578558785,9.9216031860442,5.30436078487227,8.5122177637571,6.47395550581942,10.6442990619805,6.42636593235539,3.39920782168223,9.10301509087629,5.81476582938665,6.8857751264986,6.83680674391038,5.28661680979366,6.09535413769621,5.40865332490704,5.64351688576751,8.1721607922027,"Cancer"
"TCGA.BR.A4CS.01",6.40605369124757,8.17818039836045,9.57836458852153,10.06465246315,5.93988991616668,9.34881428320447,9.33193754251613,9.80563820754206,6.88870652404394,3.69980146872733,7.61824001773617,5.45578807468186,5.34399047265424,9.1293936015254,5.69441665873683,6.17245554415804,6.92752257141519,5.04139979387439,8.40979660113892,"Cancer"
"TCGA.BR.A4IU.01",5.66126433944968,9.53229472480854,8.56410409054859,9.40737857761128,5.75788299052824,8.32090069293659,8.27642442976099,8.20216837948016,6.60366025955043,8.49901002714213,8.91584629986443,6.34483460400908,6.52053085274038,8.08708941118562,5.21625194909923,7.99167966020098,9.54427079454562,5.69552337736117,9.44310464162586,"Cancer"
"TCGA.BR.A4IV.01",5.68993563061651,9.72471481612389,8.64608437706144,8.25000490210597,5.73557629336046,8.14190098369591,8.93896243024372,8.29950662181465,6.45787731934722,8.79061929340165,8.74889150252762,6.22762082729956,6.13731834657565,6.87323976094541,5.28623888442178,7.80518416905147,9.3459612695314,5.61994813688544,10.005509292383,"Cancer"
"TCGA.BR.A4IY.01",5.61700240736694,9.19198593617428,8.21795777654854,10.6684359125937,5.8039873857989,8.99097061679445,7.99492946743877,9.48159640860005,6.4294272045623,3.72910627817638,8.17719010921615,5.99064629720257,6.92447030490641,7.69507628431023,5.62233415262422,6.55424876169292,7.83840630268947,4.87889157054016,11.3923467922496,"Cancer"
"TCGA.BR.A4IZ.01",5.94410724749189,8.64012572031015,8.59488397938557,8.88560105105288,5.76830504905587,7.9650536209519,9.4411287001197,8.92839801646463,6.40636208970107,8.75257421531184,8.36416599613644,6.25341790102363,6.91632177872051,7.2586407703208,5.18054919796647,7.22384962987721,11.1636199173096,5.66785703208821,11.0293471933357,"Cancer"
"TCGA.BR.A4J1.01",6.07612823891559,7.94409383937879,9.01805168409445,11.5963086489134,5.62710162536075,9.57824980799986,7.11102601505032,10.4328516186948,7.3371032394426,4.31165247284307,9.62397771405116,5.58937978055961,8.42669513675826,6.33742908964657,5.91579716458156,5.77585842407393,6.4743630833406,5.10485208661,10.6073249197271,"Cancer"
"TCGA.BR.A4J2.01",5.92272394709266,9.07215458536427,8.53389717590989,9.58293892486812,5.73647507197789,8.44592447428698,8.37528302413143,9.08416302084118,6.50869243659904,6.4528098487064,8.72942928714039,6.41179087475115,6.82704275224811,8.19555873034889,5.51452982511402,7.31096629048638,8.76777118650038,5.499403111381,9.67492876763768,"Cancer"
"TCGA.BR.A4J4.01",5.33865197583463,8.89615666776776,8.62028142074547,9.44912336697843,5.86346636199963,8.53860457327869,6.90844451944121,9.80895733932686,6.7175766496611,3.92642671806821,9.2536472047732,5.85506945057824,7.62212507307414,7.97702230041734,4.87096397418922,5.81934365943466,5.69076731202219,5.05755860070009,11.8741288352325,"Cancer"
"TCGA.BR.A4J5.01",5.78903729338424,9.3519873318579,8.64090087698612,9.92307416203112,5.86463617728711,8.3437871916696,8.27970592617887,8.89387740979197,7.02926862810207,6.05816537766198,8.44184100753261,6.11544078729816,6.14473381307494,7.99571711584404,5.51426732769591,8.8674251151943,7.65251945667201,5.55614908745335,9.06224107275612,"Cancer"
"TCGA.BR.A4J6.01",5.9478853021162,8.01501673886514,8.3021511722667,10.0472162057911,5.71998032899117,8.49058414834427,6.86519496695403,9.48485781304828,6.83913850501141,5.71037287632747,7.59104090400099,5.6296403911532,6.5076234988034,8.35766354583381,5.30613231453617,7.51596921328578,6.8268308532685,5.31974244723854,7.93899583165699,"Cancer"
"TCGA.BR.A4J7.01",5.60081081469785,9.36231552124855,8.52592885709796,9.23808248581136,5.77993173900014,8.36298856991518,8.23025787940465,8.65286629084358,6.87152091272204,8.14604484818996,8.27763505390788,6.29841419101827,8.5633502776616,7.72119466463624,5.19283747071835,8.26846238484873,8.20096472199505,5.50179549517204,11.8971137248899,"Cancer"
"TCGA.BR.A4J8.01",5.61853447232252,8.81891273497114,8.28798949042375,10.3648437428549,5.49095046248348,9.39523470208224,8.11216620301991,10.5869012918986,7.3436065870735,6.81000939237377,8.16559037911099,5.88831405527154,8.44769264053284,9.58325696323482,5.7375385266178,6.86244951174814,7.81896100282101,5.43592437156447,12.9606238905807,"Cancer"
"TCGA.BR.A4J9.01",5.56829282744918,10.0732818805232,8.67659795437136,8.71994928741528,5.67399988756526,8.21358911868259,8.50887711344972,7.69526320347307,6.40179322138465,8.95262404751398,9.01556624866397,6.35564970312497,6.31256818971994,7.46708496218911,5.14034130309945,7.09264277765516,8.74724453196683,5.4361347411124,10.4604498708882,"Cancer"
"TCGA.BR.A4PD.01",6.19190942637313,8.10684274679297,8.65047405847561,10.2462715839287,5.6722423832507,9.56401399528702,6.78678052839694,9.88457913535573,7.19352552870316,4.5928839929032,9.18909807847591,5.7938710703835,8.78274522076551,8.72083678179082,5.65318638324694,6.40937268195351,5.81979985146044,4.81503833538896,11.8574118543976,"Cancer"
"TCGA.BR.A4PE.01",6.27015978768396,8.56716171275571,8.57872268492822,10.9353950715286,5.93427903272828,8.71958855028864,7.92304717164482,10.539138733861,6.80594957718895,3.0145986626252,8.95380654342532,5.93938969704082,8.56737289969203,9.08619383188824,5.6226609584154,5.95591769083379,6.1709268735274,4.87828998228393,12.6627364271437,"Cancer"
"TCGA.BR.A4PF.01",6.03867392056474,7.89673293698584,9.06742298978792,10.3121939635903,5.86379693234856,8.68004284082757,7.94953029685711,9.77814510380981,6.69165257714244,3.08989144362961,9.98236761547339,5.54630890209521,7.95428770749673,7.27324128840278,5.81248392225593,5.88903918128548,4.63546153863596,5.1702919929326,12.4156590304313,"Cancer"
"TCGA.BR.A4QI.01",5.67749155798819,8.37862288923134,8.14490586172171,9.97822340957015,5.64969778756599,9.00784663354558,8.52243323543266,9.49967223709594,6.27173322047673,3.79480952037403,8.34102098544405,6.07008487754499,8.23402113204767,9.32443437708821,5.29544540982069,5.91112712610603,6.27882219779105,5.3148869121564,12.8681236277861,"Cancer"
"TCGA.BR.A4QL.01",5.85223525695989,8.07394940311869,8.99356426086087,10.2258350489515,6.14728285108354,8.44366619811697,6.11925199015395,10.0918216286137,7.2252600417401,3.13336498788614,9.3383027197055,5.75349175399573,8.66526609353407,9.22626304344875,4.84705837323374,5.52448637162413,6.16593286014333,5.23504404321133,11.17296019572,"Cancer"
"TCGA.BR.A4QM.01",5.68840539798491,7.96854810144621,8.87744875482654,9.57475163553276,6.02369321497055,9.2047491181435,6.7207890207643,9.03243413589285,8.32516129418561,3.63214031386313,9.07496606747946,5.86486533482036,8.70964909320337,8.5054127585733,4.9880135376868,6.96016142816907,6.22037368664153,5.31634761217326,12.5260878831347,"Cancer"
"TCGA.CD.5798.01",5.54563144874065,9.46678777517796,8.63746912651503,9.03802701134448,5.54400544982933,8.08102123072126,8.25458725283487,9.00495102676912,6.53425502320393,7.39758743822903,8.9153038128735,6.16635655946564,7.22946483798728,8.94850309537132,5.16849322754044,8.37898026516019,8.48915232569047,5.18677454753904,11.9855128501133,"Cancer"
"TCGA.CD.5799.01",6.40802620742949,8.70247919710338,8.67053070938365,10.2536071544172,5.71193383810581,8.81892271523776,6.86902310063358,10.4958020278936,6.85583336055134,3.11072548317024,8.60621576061816,5.8639678534249,7.50186973808992,8.83206800651543,5.6440115676145,6.13774412783539,6.24182123181855,5.00014534380811,11.8280407333586,"Cancer"
"TCGA.CD.5800.01",6.63866717496396,8.10404394916124,8.46318101000553,11.3262679722896,5.58393245123988,9.45707640987441,7.23532047291714,10.5265611149867,7.44879891049538,3.37772683387102,7.5371938279693,5.58448014996567,7.09087546624433,8.22295963060018,5.78782028145569,6.2330542928313,6.32538639791826,5.09116391114026,9.44669600637774,"Cancer"
"TCGA.CD.5801.01",5.54657542335754,8.17949879558968,8.40996385652306,10.228356322509,5.82899140964224,8.75182003509498,7.18575965035318,9.09894384088807,7.26555440645121,3.30534318932735,8.42480086628449,5.98505249398724,8.7878081202537,9.1884474503328,5.22849828263661,6.33099820158312,4.77740402920173,5.1749597505661,12.786018195487,"Cancer"
"TCGA.CD.5803.01",5.57392920130633,8.99994528605484,8.49521924653127,9.50941888791037,5.32216159144971,8.74788184222583,8.19428962544707,9.55868558469288,6.36826108070249,7.04838282330619,8.18868430541876,6.31533287550332,8.6660419230669,8.85567551042689,5.28196072258899,8.38171721545083,7.60062254620383,5.60288707639827,13.218889118487,"Cancer"
"TCGA.CD.5804.01",6.30129773704077,9.06889051184185,8.37830460298726,9.5322305414677,5.70812861835745,9.57281316962033,7.30500374097875,9.66628123889931,7.68044164089367,4.9582387825794,8.02765703271388,5.93151270262691,6.47094775998512,8.71871786931223,5.79339226657101,6.21403828121454,7.0971111813757,4.87942534585518,11.8367758979751,"Cancer"
"TCGA.CD.5813.01",5.92674379329634,8.42544470311369,8.41438127814015,10.0628742818478,5.47106328329453,8.67121665315397,8.18082735089162,9.1828574297495,6.69001068636386,4.5256043443854,7.94499175623424,6.23031338256599,6.58227462672536,7.40710760894808,5.65841838188158,7.74155570408516,9.76274326031876,5.63624389600603,10.4057689714903,"Cancer"
"TCGA.CD.8524.01",6.49374152988694,8.83113118336338,8.31644224420804,10.8651265544068,5.77783160232628,9.47753569887383,8.45930726144645,9.24240972208249,7.40680933675479,4.54733745749656,8.71633203496635,5.862522217745,7.50212529717084,9.20863771816495,5.53715657616082,7.31890767658286,10.3416287938723,5.19148148370452,10.8552395263988,"Cancer"
"TCGA.CD.8525.01",5.94756928473876,8.62611640034636,8.37867641637085,10.380125261372,5.78096208875135,9.94521739303009,7.03773188686951,9.47215605219857,7.37133785449244,4.1505009976308,8.27109833987237,5.99459237766284,7.31017451060364,8.59633186568422,5.60085468995456,6.05866022960154,7.08852566817386,5.1369039395656,12.773284983912,"Cancer"
"TCGA.CD.8526.01",6.16088177222234,8.38651811883559,8.18795544124205,12.0651102264602,5.67276349100257,9.82709004299265,7.65560203186429,10.3451050869643,7.17020290229183,4.14960298013223,8.29909779879575,6.13123537130942,9.40450737655013,8.57517685521902,5.63934062436893,6.83122095577669,6.9713496401703,5.27273104756475,11.0608229454366,"Cancer"
"TCGA.CD.8527.01",6.47970915811259,8.4521239170042,8.45420833619141,10.6063466569381,5.74259531332756,9.51710915706853,6.89103811027786,10.0554341874414,7.03817835622935,3.84992020502909,8.97363081479647,5.81905597000909,6.29508713585388,8.62045349344661,6.22579660295567,6.089939554036,6.30870083315351,4.54194138168226,12.4396832385707,"Cancer"
"TCGA.CD.8528.01",6.13780746574432,8.67810305620014,8.61748673589724,10.5524638783958,6.28731450126688,8.80237211441703,7.09502364244186,9.7840194551954,7.50908904229944,2.79918667134539,9.39894915428948,5.73842411758023,7.13084211832609,8.54126868294832,5.4344603261774,6.58101701175178,6.13157513982541,4.74210028728625,6.55655928690107,"Cancer"
"TCGA.CD.8529.01",6.02905995937612,8.69854967819778,8.54383543089094,9.93583553789482,5.7461078003102,8.24858470155583,7.91725885815945,9.44526530156074,6.9516988418553,4.97256802350123,8.41104787898168,6.0403376106644,6.78031317558568,7.94442238993795,5.97832333277351,7.55344200243572,6.82467445492329,5.26559104852958,11.7809692444448,"Cancer"
"TCGA.CD.8530.01",6.2803824573153,8.91660915165784,8.5599977550934,9.89711200016281,5.71605922921455,8.98629107219966,8.63558103588376,9.04978311485563,6.82101276825845,5.44208822662043,9.16702070153533,6.06777508716177,7.63801261691468,8.6425447606455,5.36276509419269,8.81716197386139,8.38807361990509,5.67907789914308,9.59335098406353,"Cancer"
"TCGA.CD.8531.01",5.45932493878285,7.63538142683224,8.84333428536988,10.004634171326,6.10599242225824,8.6840163335833,6.73012681327044,9.26561341546805,6.31745183157799,3.26886589641175,9.318546400729,6.83439959509732,4.97158554076838,6.01749938392104,5.77385408506927,6.25739400169963,5.25719239503959,4.45519737519931,6.86118005882996,"Cancer"
"TCGA.CD.8532.01",5.93057275266823,8.19030375063318,8.46882313877752,10.0103535570719,5.77073888876188,9.09214367729786,7.25122106800275,9.41129183571506,6.89432299017506,4.3885176254728,8.28530279572229,6.07716794354571,8.78132672233794,8.87750811324219,5.82040109933941,7.02052339395651,5.35856897720591,5.28915205490263,11.9151590262362,"Cancer"
"TCGA.CD.8533.01",6.91414091394018,8.237893230764,7.93009646719513,10.6429090670322,6.11097478937132,9.0135203288201,7.37337184941799,10.1858859187954,6.71522400051055,3.74214863467524,7.11272276191626,5.37106425469188,6.6692140895088,6.89703321396927,5.77039501723302,6.97779053872446,6.05962499530612,5.33206949502513,9.48443132163995,"Cancer"
"TCGA.CD.8534.01",5.69938002787998,8.48102149774959,8.39586008356897,10.0642896144111,5.60409676488911,8.43093920714104,7.05727826133462,9.56968524880086,7.01174611249373,5.88327434099434,8.42722659375682,5.90439414228393,8.65331979209854,8.31730574471659,5.33606698409124,6.75479148787738,7.65805561430973,5.35881809489893,11.6989130429379,"Cancer"
"TCGA.CD.8535.01",6.09360700484467,8.47046695194276,8.50417249799992,11.1777371505743,5.94678309151974,9.27135211570421,6.83758305766711,9.43852556602651,6.21997777701187,4.21041777852296,9.28523923194405,5.60585209870697,7.74623359259538,8.53814767751215,6.14957754184998,4.98990359443314,6.27378465276696,5.2837516040614,9.20969393188781,"Cancer"
"TCGA.CD.8536.01",5.83469316856385,8.34058945380496,8.89254853887892,10.864139724297,6.2982445475749,8.26394651364306,7.06399947356114,10.384269071353,6.08928768772643,3.20530038170191,9.22248398125174,5.48967036656406,8.83087210554704,9.56746371298141,5.01996045050764,6.39237479322769,6.30406846509852,4.85022986127954,9.4796349846259,"Cancer"
"TCGA.CD.A486.01",6.53059280454679,8.35222662025856,8.57002222430815,10.3263699340292,5.9154549396452,9.10979015995084,7.02794177893949,10.0755947800018,7.35391098175436,3.67838122626814,7.29167826396756,5.73181892024586,7.89631305192778,9.02890853341492,6.39695326782193,6.38694257833445,6.18292939386276,5.24684079928328,11.6763083528194,"Cancer"
"TCGA.CD.A487.01",5.51826980656644,9.00952558170429,8.63590537151469,10.9269596042357,5.56934497358544,9.63041902677171,6.99792785821234,10.016693305711,7.26844042192899,5.93495413609382,8.18327514240827,5.88011286081782,6.93328953810775,8.43159451081874,5.02415209137652,6.91111304351151,7.30773554715932,4.99983983526656,10.5732606351399,"Cancer"
"TCGA.CD.A489.01",5.50943128723293,9.40123022026386,8.53336507024295,10.1961254824306,5.72442620263746,8.38349244467744,8.34437017189691,8.06210355016627,6.6426265567097,8.97739588339369,8.63127268419037,6.12295735718606,6.73462091286006,8.23995960678096,5.37778090782254,7.82585464819303,7.37822781354927,5.43365579459861,10.4973653360043,"Cancer"
"TCGA.CD.A48A.01",6.24349912944612,8.87504855306672,8.52762306064274,10.7450130679232,5.66939869122218,9.58233880454789,6.47117923422906,9.54386619228212,6.96131713339403,5.6344064273651,6.75630457582682,5.87822752307645,7.84310677744819,8.68390449126146,5.69183826784875,7.25285751702698,5.4209815896655,5.29813500373186,11.41693239303,"Cancer"
"TCGA.CD.A48C.01",5.76033549996323,8.44407352551004,8.53198873315115,11.3278610719335,5.51765569348609,9.43009543234237,7.48547254081079,10.3524556744525,6.85909576469078,3.67789308069282,8.7452874932113,5.78900563714159,7.81163375628783,8.72115226425909,5.47868872245899,5.91756166100438,7.1491470293158,5.2157285212121,11.072899293099,"Cancer"
"TCGA.CD.A4MG.01",5.7258746168691,8.4038612967758,8.86652998518215,10.996794023579,6.01872935122602,8.29052685981689,7.46456296217279,9.6382475436826,6.51580656936211,3.77280944772344,8.8867644925026,5.8225311333713,7.84997947106068,8.44860293837812,6.27363029761921,6.28619055958449,6.50256460571835,5.11336971305165,8.30308900600354,"Cancer"
"TCGA.CD.A4MH.01",6.64271955706001,8.21695156766641,8.61182919165851,10.8790884179134,5.65090872401485,9.17797001407088,7.79015828933479,10.5975283845855,6.8970510279228,3.56670248097485,8.96528870210122,5.69461908465101,8.14642028888348,6.17016172229952,6.01361653702499,6.43081045794317,6.29520319628347,5.1883040942139,10.5569446447848,"Cancer"
"TCGA.CD.A4MI.01",5.77248460271638,9.34293225206496,8.6183241972634,9.37809140291423,5.97089205222069,8.33277794780524,8.44381761032266,8.95252704244279,6.6911641889815,6.57295931719272,8.91632890671959,6.12974441180406,7.96480763149501,8.38216067638441,5.41839169611111,7.5948642185382,7.20316349451977,5.1492182856848,12.6601113463405,"Cancer"
"TCGA.CD.A4MJ.01",5.65160755062173,8.92772115137691,8.78206318372726,10.7065074746696,5.50001787452519,8.50467401906636,7.09356446948363,9.85525754658622,6.62525895009056,3.44385822387396,9.16517381645593,5.78527500480266,8.2681320523676,9.19852949481344,4.99572151267245,7.06811897208284,6.39303606365298,5.0540281119729,11.4529429235011,"Cancer"
"TCGA.CG.4437.01",5.88415998729243,8.41289954161382,8.59560535712876,10.8019162150696,5.70107243807771,8.72772097324439,6.81876705661961,10.1301845797344,6.72532216528696,4.17958422259247,9.04847578464116,5.94833316371597,8.15088492684004,10.3325351064894,6.28743235924614,6.69997587512963,6.99212578703578,4.75258237420382,12.1332196771782,"Cancer"
"TCGA.CG.4441.01",5.92354645982387,8.28468635927649,8.90585325357508,10.1201194911564,5.93691184414268,8.80188058295876,7.65964900711366,9.74342420254965,6.90508005702138,3.36824820691886,8.98022710328475,5.69990106556729,7.01761759518384,9.12774681018317,5.31555461781256,7.75861192635922,6.14465190231853,5.22246752880134,10.886317810772,"Cancer"
"TCGA.CG.5717.01",6.00017860784094,8.23442027768258,8.70457763310068,9.01713160875192,5.42134575328713,8.28404725188618,6.77103078929803,8.81792199673813,6.43552523384348,5.78579631364754,7.98874275350709,5.99895362524003,6.08453850700963,7.56263508064714,5.32742854417969,9.05126917395947,7.17550332278428,5.26890809717848,9.53190479101081,"Cancer"
"TCGA.CG.5718.01",6.64748343285759,8.82111742045481,8.73729511114514,10.7241446112848,5.56362442697495,8.7432696649967,6.76148237495896,9.34361244982131,6.94897101763823,3.58748123113081,8.38162134048682,5.8086932934303,6.4379796954995,8.25549076503052,5.62602965361603,5.60856765731212,5.22803986825584,5.13797751595993,12.0927015225356,"Cancer"
"TCGA.CG.5719.01",6.01811069579139,8.89923147279749,8.59470252086843,9.69016962488244,5.64657316723215,8.63404750014248,7.68886511374356,9.23683040102738,7.03338512428186,5.36953622703451,8.02564747865639,6.10695218122977,7.23971720327877,9.2632478732716,5.37643754310337,6.46007085169603,7.24257427099302,5.05434786208249,11.7972605717286,"Cancer"
"TCGA.CG.5720.01",5.8587266796751,8.40371826675858,8.94655108318563,9.60887575521754,5.95569580264709,8.52404528999928,7.23107014653044,9.5703008472716,6.97845878100405,4.35927870297076,9.00356471527574,5.98605289862751,7.49793346852585,9.10169068560705,5.01185563591931,6.31300550509705,6.87585915737201,4.87360570205233,10.0913348299495,"Cancer"
"TCGA.CG.5721.01",5.56042143734163,8.80889696511871,8.79574865433673,9.92717523794921,5.55586843326415,7.8435206479926,6.65879275169774,9.58907771489722,6.51666494184329,3.70695466530412,9.05146451409687,6.10126153077999,8.34980143361962,7.93169565142697,5.35637410900253,5.37358379998453,5.86720421366673,5.1127328150746,13.242249351227,"Cancer"
"TCGA.CG.5722.01",5.52052539304258,8.12360254904629,8.53042805183096,10.201597004571,5.93619980035505,8.71731284409272,7.02732655818835,9.78084240888078,6.91383540876026,4.412126316953,8.55467400003585,6.43066931723045,8.05238192228925,9.90425104549541,5.1409614325704,6.76797549509947,6.83754260931376,4.99560923253305,12.0344572519649,"Cancer"
"TCGA.CG.5723.01",6.28520747215905,8.46615509272591,8.8413959649637,11.2439630280315,5.72220780401534,8.2017088313618,6.74245238094524,10.4025110184234,6.55242017120289,4.45420118084531,9.00026603619436,5.96948924863451,7.1503518113095,9.00972424541632,5.80652532960359,5.22544993618473,8.25460998779993,5.0203146203248,12.1562245532807,"Cancer"
"TCGA.CG.5724.01",5.95161616837178,8.86849917472509,8.49845528208824,10.9812753302763,5.79044336791634,9.10317724676616,6.80820226025455,10.2677643005707,6.64526535687153,3.09723472722656,8.49553305799044,6.02196382165238,9.16050821015637,9.67839380414159,5.64010089162091,6.22127601566677,8.79179254796771,5.06735621902944,11.9926113936287,"Cancer"
"TCGA.CG.5725.01",6.38372320483409,7.93575431143933,8.74030996627254,10.989833585707,6.00444686181159,9.24289260496614,6.20172811265564,10.2469388260273,7.55341550740362,4.5995964269789,8.39715887725995,5.55611791226214,6.24129865945731,8.39725886362915,5.68728916973663,5.37245953142468,4.86565087757678,5.31334576549582,10.2593628642552,"Cancer"
"TCGA.CG.5726.01",6.22772012329392,8.12673273347373,8.9915761890428,10.2838381903315,5.79940224754622,8.32974227709923,5.99027588567486,10.2758934321273,6.99778320086865,3.98638567846653,8.99605109903715,5.69142025399199,8.7785186885641,9.79690498349296,5.41041219939679,5.09899818286677,6.23875001800553,4.93635521482753,9.26813776579727,"Cancer"
"TCGA.CG.5732.01",6.76611100728323,8.08823870130343,8.84045244017338,9.89458061071252,5.91087690040206,9.90249432190535,6.48954889560098,9.037505535479,6.84299954463499,4.48127612274242,9.18180224293416,5.85175087753884,6.6869160487731,9.03639545572194,5.79212599901458,5.80746463643684,6.46188464979003,4.99383276866828,11.1206728434561,"Cancer"
"TCGA.CG.5734.01",5.97866880637708,8.2162859729489,8.66254793787611,11.0722632341581,5.65481132985604,8.59545479344889,6.94237990778688,9.0236462168965,6.3587525570612,4.80645522186015,8.96972888915321,6.17329060617504,7.31389270307085,8.97374811200446,5.26953547896194,5.73678242337529,6.34448403584545,4.81113949645529,12.286347032291,"Cancer"
"TCGA.D7.5577.01",5.99415416438474,8.41897237670459,8.50956168557239,10.5285298389282,5.55809173737882,8.86444786110194,7.36560126768758,9.71417211269119,6.72952611720493,3.23673945482656,8.74021545210185,5.87119888440762,7.9537176864979,9.36319773588218,5.26652878709766,5.85985151970547,4.87844767257561,5.0803141277705,13.1622599700661,"Cancer"
"TCGA.D7.5578.01",5.88613151372089,8.55723135876711,8.9024228218813,10.8437633642098,5.8578234503007,9.36537217567952,7.29155042123394,9.37648513521262,6.84748931230348,4.54094098002044,9.15129526958962,5.87261193894901,8.15033826232807,8.95401756239862,5.43878223201251,7.3300457093935,6.76114122828314,5.34884583604483,11.6277056004055,"Cancer"
"TCGA.D7.6518.01",5.78577954457073,9.30313838873244,8.44555364713339,8.99784099258824,5.51584703920675,8.705089613907,8.09913514226385,8.83073311389427,6.5120481197519,7.78868315337054,8.09539352249243,6.3062446767673,7.25838029784036,8.12728129250522,5.50467885720782,8.52367237846949,8.53330283399235,5.47886085715665,11.3029254275131,"Cancer"
"TCGA.D7.6519.01",5.98381507452039,8.41026754562369,8.40338677214926,10.9425787009048,5.91375362771321,9.00496913866883,6.75112363095576,9.09182704114658,7.32243847443388,4.13799592521053,7.60599655189998,6.27474485916299,7.89699107386968,10.6067159247094,5.38021282424948,5.90069388298264,6.6708683395465,4.57761693981325,9.7760706028133,"Cancer"
"TCGA.D7.6520.01",6.52692279303466,8.45689912981146,8.81448215797407,9.94131803614619,5.59090178489893,8.78887911046791,8.30980642236316,9.25652837180393,7.12005296993947,4.33201880849942,9.05830771975286,5.85206936731792,7.68022512085699,8.76926235114249,6.59853393944809,6.81783221992103,7.56427958123789,5.10330064248502,11.8380564935661,"Cancer"
"TCGA.D7.6521.01",5.64762240949095,8.47461146824513,8.37365517975563,9.59829745931628,5.38251957679552,8.59423298768489,8.2863084139233,9.06857372268142,7.26007537584296,4.47031620705045,8.68144207926652,6.08265911500151,6.90718301088808,8.99656778982435,5.51325318264703,7.72615978853616,7.38995163636904,5.02433884997705,9.61647068816754,"Cancer"
"TCGA.D7.6522.01",5.68025120494357,8.40875558383784,8.80170747696072,9.45493635481601,5.67177597676828,8.43649845931594,7.76974350889657,9.15612677794826,6.53495199818509,5.28049357482854,8.87882178159328,6.50746660666939,7.33497334770217,7.9314833369973,5.39538987548266,8.35009373506098,10.1891250862754,5.57817280869151,12.0354175190457,"Cancer"
"TCGA.D7.6524.01",5.67529311263002,8.86178597560046,8.72153027486729,8.91079564192918,5.70648585545856,8.25504898579196,8.00942827059728,8.93997926334576,6.72089520107049,4.81000978685196,8.78859757220777,6.10771880420355,7.18735973918274,8.74211103925937,5.42525056891425,8.73420703080046,7.20797691232582,5.70090003614509,11.7100699235218,"Cancer"
"TCGA.D7.6525.01",6.43605284517259,8.61727766686969,7.92861917102229,10.6979844248156,5.4437796852192,9.28631149040734,6.47664126837252,9.82404619463499,7.02081796318099,4.43600730796884,7.22563277765025,5.75582709836003,7.51978792593885,9.06179960575138,5.63727757581168,7.11541899849168,6.71330164041327,5.07412834114051,10.1312632033489,"Cancer"
"TCGA.D7.6526.01",6.09567776933511,8.56787067897593,8.15827664706129,10.7397397035002,5.72831778939824,9.41412839864084,7.74255625387104,9.69038912432782,8.01620192871277,4.17472388229661,8.7376283181631,5.74467481779145,7.41495262297426,8.33620170846598,5.99524625141523,6.21450595022431,6.73405917935366,4.80554536188849,9.0356961740573,"Cancer"
"TCGA.D7.6527.01",6.37874217086538,8.21007815295122,8.79713244873776,10.3341112547749,5.37192458688592,8.63772381572492,6.874653333689,9.47430180292997,7.23333104129507,5.57825731277997,8.57737527896085,5.83348728244903,6.91223470569622,9.4911625361886,5.40924136602578,7.22771251861392,6.64089624768239,5.29056823558113,9.73441276437258,"Cancer"
"TCGA.D7.6528.01",5.69755426724729,8.92394285513606,8.7974250997166,10.9311209548213,5.1136034245378,9.49774434718753,7.09244914557624,8.78129146252682,6.86597423168233,3.17256626295789,9.56946830359809,5.85674800872927,7.36241211047709,9.98990696042915,6.31897704616724,6.09989910608753,5.27480718992625,5.08930838245092,8.19484740409881,"Cancer"
"TCGA.D7.6815.01",6.06594885409715,8.66950546781396,8.46639818100836,10.0711166958178,5.49059800533413,9.01115120795644,6.95457013892868,9.06063920932631,6.76819110479707,3.33332501190965,8.83329014553123,5.66960302960816,7.59258985271678,7.82123901187964,5.70528571726683,7.06484321901172,5.28948069064497,5.39523337486333,10.0649551710092,"Cancer"
"TCGA.D7.6817.01",6.10454446607948,8.69943715861514,8.88599283413235,9.70246804645718,5.94867406096185,9.04836848772152,6.76903729037292,9.83154616052941,7.42385176317519,4.49983852244813,9.49706521217962,5.93648757965353,7.56590725837842,8.87799414645399,5.42364547524822,6.40855633034149,6.24985438802835,4.82957590590322,10.82474826468,"Cancer"
"TCGA.D7.6818.01",6.09606214191998,8.80797864790008,8.57641620039064,10.3211253180478,5.32674547237536,8.22379871150627,7.39474861038872,10.1588749743324,6.77578291692644,4.12983429554637,8.61178028377988,6.21518610214768,6.79153713115056,8.29461949974312,5.60849931042706,6.91508003291046,7.12843203721342,4.78041731315993,11.5584653312842,"Cancer"
"TCGA.D7.6820.01",6.82352883903241,8.53313123663144,8.96587884735863,9.59596578428409,5.37389069510825,9.12532293788364,6.73791256968772,9.6415349071723,6.93872092300698,3.56434802990854,9.01280997693302,5.95292002915677,7.27149640858102,9.78009184075665,5.85916911418405,4.96866319779067,4.81325887431001,5.2616719909568,11.2870543811517,"Cancer"
"TCGA.D7.6822.01",6.0344941896232,9.15786430265365,8.1511839375528,11.2180216223572,5.72741156695496,8.66220322902996,6.70663325122925,9.70801271179584,6.12035246421022,4.22731430400824,7.52618172457586,5.7847825673984,7.17068063480032,9.26888436167633,5.55888609204645,7.74261260234561,5.03897342135694,5.43611420068452,11.9422280961792,"Cancer"
"TCGA.D7.8570.01",5.65083852755898,8.511525175251,8.69353127022273,10.2081399154894,6.03298126095334,8.7571737602318,7.98379831302283,9.6852053858558,7.39069895967,3.41215653641875,8.99217883739262,6.18676791436864,8.72875770454619,8.12326762242682,5.39367362925686,5.93572890008814,5.93152780733394,4.57906886441911,12.8139963990186,"Cancer"
"TCGA.D7.8572.01",6.02549492725009,8.70975804561651,8.68168826716652,9.25709497170708,5.92101292467621,9.22486861882455,7.96698699972901,9.85402815149007,7.32789743968339,4.91246992063636,8.94637081739551,6.09044799904217,7.66477634398199,7.46019175639061,5.45421275184819,7.53369856285805,6.9215682415071,5.24791257009686,10.8749389428464,"Cancer"
"TCGA.D7.8573.01",6.33251226415885,8.70660239412879,8.56025597541213,10.5332826168841,5.73273685370211,9.4394793030461,6.55832856479844,9.65381871875794,7.0691371360287,3.31949635772739,8.9779884467268,5.82878874516663,6.98240221986653,8.55505118522658,4.90000316973233,5.36954374108877,4.3919652675436,5.01505193737897,11.8160496652709,"Cancer"
"TCGA.D7.8574.01",5.72949511857324,8.25889756944825,8.28586679718405,8.57202524472416,5.97149002430553,8.25308125888352,8.40207980714758,8.00106533048539,6.31424676389732,5.90780267412364,8.51562552745836,6.48723982004139,7.6907715501451,7.70502167281274,5.39539128160452,8.39861858119222,10.5373073110077,5.76625206309716,10.0496721171417,"Cancer"
"TCGA.D7.8575.01",5.34315434165877,8.32925731085508,7.99883512825427,9.26664367672008,5.63318493957456,8.48769702220377,7.25024255298216,9.40894521094968,6.47976990048291,5.56848097951033,8.13762608954814,5.8922746570536,7.57027847436556,8.34935091183067,5.38738058719449,6.15518535352572,6.39112854653818,5.30788631470379,11.7122582330042,"Cancer"
"TCGA.D7.8576.01",6.4745855897156,7.97345724976124,8.38083134306817,9.38436378255111,6.1911148015007,9.92970517178497,7.23964729884553,9.72539710244362,7.24778249962874,4.50231586054571,8.6640903685001,5.90602131514125,6.81955837014591,9.20224278837296,5.89595396600076,6.81156651212443,5.98193114707528,5.26441272198119,10.7200882777213,"Cancer"
"TCGA.D7.8578.01",5.89060257497935,9.12193383661173,8.2532615254486,9.60036660035084,5.56788176532341,9.30434775839169,8.90265854445354,9.5142949148341,6.65784797758662,5.59612815990786,8.35312496139457,6.0559599258619,7.95422985476008,7.77719791628351,5.59781975101029,8.54445296667775,7.36834743872567,5.20393659064661,10.9783305028847,"Cancer"
"TCGA.D7.8579.01",5.85665497041503,9.3424816528061,8.61157379596747,8.05230707493846,6.0244847772897,8.49075518027484,7.7792288603479,7.83351133599631,6.74310823036768,8.06521127473891,8.91899778527294,6.06422293523125,7.02507836323341,7.96109490262198,5.29876048719244,7.76799362518743,8.76470440207786,5.62618837756442,10.9306466579342,"Cancer"
"TCGA.D7.A4YT.01",6.20256734915742,8.34847694747488,8.39133042283703,10.7349444535083,5.98395020663424,8.68213210442421,7.16752483056123,9.56219884772774,6.69106579192017,3.66797859759818,7.91702076404819,5.83907369648893,9.37915769776605,8.97523576845926,6.0532610041076,7.03976061373045,5.0736732890528,5.624623410895,11.5083011058106,"Cancer"
"TCGA.D7.A4YU.01",5.84548793672845,8.51024309400967,8.32960252256899,10.9188010364208,5.65639424948635,9.07890091885093,7.46245347554104,10.0985687852968,6.57767154115085,5.3925774808333,8.83842764069296,6.13220629231723,8.94609041027771,8.6956376116095,5.39106585420759,5.91307854062572,5.630093591414,5.20862397686408,13.1755703732943,"Cancer"
"TCGA.D7.A4YV.01",6.0907317776199,8.68553587677333,8.64956829927442,9.64077940725846,6.19931084332419,8.38592085401075,7.51145020381982,9.37575506094491,6.25004930774103,4.81481849028103,9.37906692435104,6.00529589963881,7.19338897616402,8.17516062991124,5.37484190381128,9.55772373953123,6.37468126169633,5.39098609132679,11.7168335782411,"Cancer"
"TCGA.D7.A4YX.01",5.81434605716229,8.4687652460802,8.37648212167346,10.7413463121988,5.9707170912221,9.18838310706365,6.57989331774939,9.3736925269875,6.8979922618014,2.69070914879994,8.92126950144754,5.73451182745713,7.83502289503156,8.63564160316065,4.72377364065143,5.30249507022827,4.78740313905108,4.82501047253795,12.7068068410077,"Cancer"
"TCGA.D7.A4YY.01",5.81869517675308,7.91023135191224,8.92044884606337,9.9176726746211,6.05981720472943,8.34101338191564,7.07319174692697,8.60439239357494,6.43716538859181,3.43026316123749,9.91046423993827,5.78271775400924,9.64765378579506,8.5838313133106,5.56274739743627,6.19848525839602,5.35389591263406,5.48943280148668,11.9781705691804,"Cancer"
"TCGA.D7.A4Z0.01",5.84528426054032,8.55455836930684,8.80119056691434,9.29639529371969,5.9021910408736,8.24165448528352,7.75246867597669,8.46263422336523,6.5950094682829,7.30801895015195,9.35223982987206,6.08014637585906,6.35406040089917,8.20175162201384,5.3254945432076,7.16224831168257,7.30881479799255,5.55196685090727,10.1965264522181,"Cancer"
"TCGA.D7.A6EV.01",6.21401184718576,8.23093926578141,8.38014360824781,11.3469938655913,6.05833450846377,9.45989242711459,6.41164634792452,9.50528430275916,6.69190552414142,3.31432726295068,8.25342150169973,5.50412415406039,6.90245670694381,8.33358622442202,5.5918364375226,5.57197954740651,5.1074512378064,4.71162673066532,7.29479243699,"Cancer"
"TCGA.D7.A6EX.01",5.54741969951188,8.74941148620313,8.75562628504123,10.9176821059151,5.79506672176057,8.5772947415281,6.70968547450263,8.62320797523097,6.59341649527237,4.9820428371923,8.87746111403497,6.10483763583205,6.96233913716576,10.1728553941479,5.90279505354206,5.69404404857302,6.81983560959421,5.18699951393344,8.63225055546462,"Cancer"
"TCGA.D7.A6EY.01",5.74671985996344,8.49126503287729,8.71554801016207,9.85063933626374,5.87302198910645,7.96778934502689,6.97087066194838,9.29071713427773,6.36973164588222,4.67854985458002,9.08837217485141,6.15280880195751,8.19608343232598,8.28666258132561,5.2029721539816,6.50518414872667,6.13305059432193,5.09015349504824,12.3755089319663,"Cancer"
"TCGA.D7.A6EZ.01",6.05192857341556,8.53158320317551,8.2420243198655,10.9747735670113,5.91956908828902,8.85398208392844,6.67932352361739,9.75913161628609,6.74888595550091,3.00612233635042,8.75032295563046,5.88176916545381,8.34389304957882,9.15095395735575,5.07393143308749,5.45567029074025,5.84991738367847,5.1687104305176,13.0487526104738,"Cancer"
"TCGA.D7.A6F0.01",6.66901412662315,8.08472384684025,8.72284602490937,11.5962435620989,5.59546824808926,9.19300050170816,6.4385696681379,11.496259770348,7.05197531091468,3.26573955517847,8.49669705675972,5.72304461219615,7.84672925317868,8.51341399689117,5.36748959088496,5.49732258744966,6.1878391768457,4.88219314092348,11.6853359562981,"Cancer"
"TCGA.D7.A6F2.01",6.34337632973193,8.42001580257172,7.97599597987221,10.7053274505541,5.65015284844705,9.15933779407961,7.25552298722806,8.66808591124257,7.33394097097581,4.02723785645313,7.67775539919674,5.87293543596059,7.40545794030334,8.71091395525056,5.74754730432502,8.11158823377082,5.79439040365433,5.24743130969182,11.4207067346964,"Cancer"
"TCGA.D7.A747.01",5.76887704646019,10.0149488457486,8.57408240880703,9.37017798099295,5.83186701484571,8.25259324311961,8.85168028512061,8.53931973587183,6.51840080157959,8.37623925872576,8.85518681709968,6.35045194725261,7.71991659327305,7.76423987393056,5.42731581477667,8.40361133887426,8.10623929657594,5.61123321084873,10.3299046514599,"Cancer"
"TCGA.D7.A748.01",5.37767272001751,8.62875182331913,8.42923034619607,9.4594645751308,5.85374506351348,8.12068354258771,8.5172823039749,8.5606170299418,6.59790293543197,4.0395514955862,8.63998459729267,6.10941411951535,6.56285034971133,9.24497089627764,5.03027751799258,5.90862841408968,8.776128926428,4.76406221476757,11.05200286284,"Cancer"
"TCGA.D7.A74A.01",6.01511952012245,8.20580472136466,8.5860850211442,11.6499184609661,5.43712310056315,8.83617973918405,7.23721240941501,10.6142654977095,6.47453576761141,3.09564761642875,5.76589351053969,5.873700415599,8.11049714174266,9.77192364942358,5.16523176221386,5.35204727237002,4.42875533626059,4.66339340274013,11.9508980155567,"Cancer"
"TCGA.EQ.8122.01",6.09979021477774,9.02104013791768,8.31123610844374,10.3894141861596,5.49668878480442,9.2090186667387,7.86954456084977,9.7108421790929,6.82650912575614,5.5179564933475,8.41989458997097,5.82311184708435,7.47537265767058,8.7232825764781,5.65642055258515,6.7896669174402,6.90531278304813,5.11447556361369,9.64472317886126,"Cancer"
"TCGA.EQ.A4SO.01",5.79437601843637,7.69387869069862,8.9678158366571,10.6803621137165,5.9747899996283,8.94492653897124,6.88555471811096,8.02326902854931,7.08531949570055,3.14300445980193,8.67137935040735,5.79619247919338,9.24070249181897,9.6875266932126,5.40577395593801,4.93526323224461,4.91680948769543,4.59350152070356,9.36428553338879,"Cancer"
"TCGA.F1.6177.01",5.80688292606383,8.38751067225295,8.73034442582248,10.157154616909,6.08912548244028,8.25907708642484,6.43096525016818,9.60724925831199,6.72186110375991,3.03738483044486,9.17457694787064,5.74935674238056,8.25640901812258,9.41122941209784,5.56341846195458,4.96742295706346,5.02004145211914,5.40169956942881,9.70783054033213,"Cancer"
"TCGA.F1.6874.01",5.96124500430568,8.34946594619184,8.91101751155441,9.18339965628907,5.82082104433802,8.59327252355057,7.71059542340362,9.06507332543515,6.63194736005268,3.27868822077053,9.46945919961434,5.85309205458314,8.57096773449576,8.51751151744385,6.00387279363904,6.00553800119617,6.04880355896069,4.84723829494752,10.5925488065814,"Cancer"
"TCGA.F1.6875.01",6.36180023299397,8.95294331866913,8.76458771880635,10.1998520801715,5.73202753727324,9.3256797781737,6.68852617304053,9.22941741068537,6.60998738522101,4.50763942435097,9.17716237671775,5.68302488335979,7.89754705207257,8.90741934441955,6.08039947478378,4.86842325322074,5.66244461891417,5.22006068179846,9.93796909700928,"Cancer"
"TCGA.F1.A448.01",5.43166094700815,8.4312487189188,8.7801073086503,9.88389065122031,5.99817785812208,8.2466556736705,7.76692527852605,9.43394967080774,6.47217791118834,3.69539361258855,8.77176642409942,6.02403855360316,7.41596133521621,8.91805759758466,5.33968490404873,7.4350569756327,7.84830332050613,5.04559628726033,10.1359487349668,"Cancer"
"TCGA.F1.A72C.01",6.09721118692316,8.17206845067946,8.24314652184396,10.7472854579346,5.19826524775371,8.7674521971008,7.9611654049184,9.70786078042909,6.9145640598687,3.70957393550262,8.16803473714788,5.78447114119583,8.84658195585587,8.49605542447422,5.78927222992116,6.77492128543842,6.34191466539782,5.11532398361706,13.2124297879871,"Cancer"
"TCGA.FP.7735.01",5.9029658964071,8.67437949214543,8.55496198171613,10.5405520964038,5.63378353322929,8.79226119252312,7.49313640436769,9.03292353009167,7.90986955314129,4.73564309380578,8.7179307820792,5.9465248685754,9.11664664115909,9.64258049572901,5.56530461036218,6.71494969159678,6.65316916057637,5.05211628759527,12.5064064565278,"Cancer"
"TCGA.FP.7829.01",6.65218715313367,8.5045697121479,8.64793969272234,9.65401261028987,6.33392250975855,9.53580296696362,7.19362908855395,9.73751520862067,6.75651865812727,3.27680808710157,7.71318997645194,5.59546317451871,8.360339525905,9.3858396964598,5.19592293028919,7.30638106847683,6.16260205628566,4.87998852351273,8.56994789343996,"Cancer"
"TCGA.FP.7916.01",5.66418203718045,8.66457736649944,8.41935041971436,9.73988532047289,5.9548259399462,8.61860582907167,7.865535187739,8.92057139869861,6.8988054864857,5.5453991784825,8.98154889612917,6.02750377604277,8.61204293452092,7.88818331227507,5.22115561234343,7.34541896682589,6.33276581805089,5.34354674229991,12.3447159293885,"Cancer"
"TCGA.FP.7998.01",5.62687372400164,8.84792277293135,8.48607223341265,9.25051781998858,5.95378968107512,8.60945649783575,7.85895699290735,8.6445440449183,6.61060476546684,4.81840388289054,8.87190702443491,6.25673133166814,8.97766859730928,8.21308929216682,5.27890852584445,6.54895037777708,5.89860455335832,5.21136323792662,13.1442857227375,"Cancer"
"TCGA.FP.8099.01",5.96955147492829,8.34448298220186,8.35121834804665,10.4562808130182,5.81630383193706,9.30181484629431,7.36299969893463,9.06235589503731,6.96375263589287,3.2081565375706,8.28980317399134,5.9606090149584,7.91810408222831,9.29895958131841,6.11561290005778,6.50470249427435,5.66930925580303,5.26102639799536,10.7580176338342,"Cancer"
"TCGA.FP.8209.01",5.6386331687625,9.50826859707927,8.3991769961339,7.5802325759218,5.77032155261766,8.07902945941231,8.88112018379207,7.55932722425579,6.26623592013517,9.24179875401811,8.75586019334774,6.44043753174192,6.59052789876208,7.13592619205555,5.47758182967675,8.13010166635428,8.84342251215367,5.54624842019485,10.2124276530284,"Cancer"
"TCGA.FP.8210.01",5.62981631982472,9.26740573444369,8.39719561648808,8.85909318711325,5.8633801915557,8.18911444938336,8.72973237382756,8.41851757972826,6.43127171155509,7.21226539848539,8.86721807650214,6.47683527837889,6.7291305064555,7.86553399157452,5.24787721008483,8.44588181588543,9.13855279857031,5.65740630636697,11.4999251459501,"Cancer"
"TCGA.FP.8211.01",6.10523843462722,8.56060575714342,8.08282844998372,10.8105318189318,6.11339437346535,8.83094408471525,6.51653877091579,11.1228916565843,7.31760579260446,3.62813444919507,7.55230605362023,6.16117380517561,7.60709905779437,10.1286624667466,5.36421073009329,7.24435476730712,6.02024937043441,5.24608194526851,12.3540872722226,"Cancer"
"TCGA.FP.8631.01",5.94589401275545,8.05669895932609,8.24535127926515,11.1232513695883,5.98611345197708,9.44904166248883,6.94649132221301,10.574883642168,7.82714791680476,3.87736031172286,8.0270846748849,5.48239696461704,6.86502071287514,8.10910462828409,5.83716820438151,7.23397337352275,6.09347006122629,5.14296057478146,9.59498982715193,"Cancer"
"TCGA.FP.A4BE.01",6.06469743272957,8.11882344145236,8.90117998672955,10.757348875662,5.71670211978259,8.42612519282949,7.67490560717438,9.93935188969364,6.81722926598163,3.11798174106128,9.38277263678757,5.86447921282588,7.35069167169046,9.55793635282289,5.46351691154349,5.61390101016314,4.9953783105973,5.26676798908578,11.8448454546053,"Cancer"
"TCGA.FP.A4BF.01",5.96424613356076,8.4773959985881,8.34532840944923,10.7020468938379,5.56208883640327,9.38268254442166,8.55609614504572,9.69781101011917,6.94327394277246,3.4173383327488,8.31798426422458,5.94738953782092,9.52995604529162,8.4350465197597,5.67384851358144,7.45342168972142,8.22979165242613,5.08898647188627,12.9327929298453,"Cancer"
"TCGA.FP.A8CX.01",6.16586780248827,7.96617318234468,8.80949777587997,10.2598470542934,5.75295216920996,8.74518519904583,6.92806753231886,10.0050917514241,6.96470971905583,3.84519221321089,9.03272307938338,5.74812725284922,6.88810807128088,8.88276234792682,5.49491081830415,6.15621930100776,6.6812706035284,5.02626184093745,10.3942217657074,"Cancer"
"TCGA.FP.A9TM.01",5.9808839131967,7.64062236182374,8.54432997025387,9.89056288225052,5.643489253823,8.79949401478962,6.79636670103174,9.53197426508933,6.76921967083963,4.36059823937627,9.0721919051045,6.17255820176767,8.22511143678112,8.33396532522235,5.65996717050692,5.39314345732747,6.02678766813524,5.10281461865859,11.1539992722437,"Cancer"
"TCGA.HF.7132.01",5.68736622082962,8.43668776447113,8.89058957926513,9.4526716037578,5.81391199117541,8.30069160861243,7.13631320831879,9.06742638119346,6.27889145300185,5.85809550483207,9.51174520560009,6.01495001466129,8.24669298665866,8.49166547400937,5.47919734831831,7.21336157466087,6.48509775077274,5.38636749247595,11.2335145017835,"Cancer"
"TCGA.HF.7133.01",5.68299099779621,8.71488594783431,8.50024656998073,9.59349010945977,5.50329658576296,8.41714097364934,7.01260556513063,9.17216702624629,6.90780001066149,3.99756213168807,8.55179117765693,5.83101226737842,7.7495142230771,8.31247035059334,5.30914349816563,7.31216293003193,5.96382162478558,4.97979868806541,10.4883359177276,"Cancer"
"TCGA.HF.7134.01",6.07873928339362,8.62772107212594,8.81377418243185,10.0665133456916,5.74446451878884,8.80888877875357,7.24729516262269,8.52445528465048,6.45355426414261,3.08906769350573,9.01988897291119,5.7214425145396,8.24196952498722,8.79269712843043,5.32518414296465,5.16629293758113,5.48362652240128,4.91318564730848,7.67506213919572,"Cancer"
"TCGA.HF.7136.01",6.28682642324674,8.53214288047088,8.49400583472011,10.1337897077038,5.15830476098778,8.69674759977732,7.89406997309557,10.2051220194643,6.3776148021778,3.97651125675121,7.38669917959204,5.8424773198339,8.35008375855061,7.93072010956784,5.26534576521695,7.02998541853266,6.44342397902233,4.81931605948888,10.3283052616683,"Cancer"
"TCGA.HF.A5NB.01",5.85882820209662,7.7227613032452,8.87584843634182,10.7323502214545,5.9171353315545,7.88690646048096,6.02804455480529,9.5002628904316,6.73304633911916,2.90094081540784,9.35865814750295,5.74194957494878,7.18170833693718,9.19143348700449,5.19102492195185,5.0360166034793,5.29991094528953,4.67068507535413,9.58024917193189,"Cancer"
"TCGA.HJ.7597.01",5.94941748361313,8.30707360046331,8.70703920681196,10.3942405250509,6.00094912411755,8.41324734497852,6.16442811492638,9.39675708356542,6.57357727754418,3.35060086413585,9.18444049177228,6.08608585246085,9.29627733172205,8.8086439931075,5.42024809970982,5.58019450118929,5.6418837879511,4.94505023125636,12.6506606471035,"Cancer"
"TCGA.HU.8238.01",6.07676854010532,8.40337774433126,8.42108268083048,10.341989892232,5.57241717156999,9.07069060018638,6.84530824574552,9.31291954394564,6.91766578058954,3.61092398387903,8.86990933086213,6.02012910223793,7.86213519485216,8.97993793990015,5.49252833022502,6.47691035707706,6.28273801492819,4.92850957010939,11.701763134639,"Cancer"
"TCGA.HU.8243.01",6.79841946590341,8.42438981542563,8.7358029308336,10.4838752654367,5.71013249261668,9.89804647263546,6.96377613006544,9.62893636307126,7.2710963854513,3.28944261108845,9.72788759505398,5.8359016490427,7.49316938985399,7.07803905407982,5.96973461436806,5.91500512489327,5.61255294718462,5.27019427696809,9.86988290298748,"Cancer"
"TCGA.HU.8244.01",6.20628120018098,8.23234992803332,8.93103585376731,10.7853805676321,5.9496094799991,9.04136247182942,7.9972141472623,9.19788697248815,6.99159136761629,3.19303999524627,9.35185131043035,5.63750506272155,6.84574399610964,9.24889618107924,5.48881645411195,4.63041903425968,4.6276610703082,5.29126337104729,9.01543250140222,"Cancer"
"TCGA.HU.8249.01",5.80898149863354,8.48863654117294,8.45738289940278,11.0925009887087,6.16325375319351,9.13155979506042,6.71436591401509,10.4117886852204,7.20995950591525,3.26712447861072,8.20390340905847,5.89073922056169,9.75088313716607,8.6517256448096,5.33123379113749,5.1805957993281,5.35765588717796,4.98664252510663,13.1366395467604,"Cancer"
"TCGA.HU.8602.01",5.40129736185312,8.25786209349008,8.73417335166647,10.7118698014508,6.1172293205619,7.76013425785852,6.92501030026008,9.67674412836683,5.58363168694404,2.78054405915776,9.47024977385752,5.46492901863106,8.46678031316149,5.85761755945212,5.25117520230345,5.37536821397874,4.99186883628589,5.08921764366623,11.8648593806746,"Cancer"
"TCGA.HU.8604.01",5.6522449027544,8.62436180466687,8.28240982396264,10.2693519411125,5.68562546130518,8.98529794122117,7.38956592956716,10.2936179291528,6.48621284347577,3.04444165313615,8.5832978865676,6.03028937769681,9.45411789204248,8.95855285926952,5.3838035092506,5.9850489582795,5.69518285802254,4.90291706768142,11.7052367645052,"Cancer"
"TCGA.HU.8608.01",5.77838730766261,8.05923519825672,8.54054324619854,9.67153629072298,6.16700911866427,8.7790493966774,7.29260453897235,9.38633578608741,6.66148380225852,2.87379583610292,9.12783338011389,6.04288729250911,7.58352627933698,6.09340743131765,5.30012015154192,4.88956478270032,4.660533935085,5.18389161096427,12.0814381640834,"Cancer"
"TCGA.HU.8610.01",5.66371604553938,8.83785723304045,8.74196967660271,9.54589733439378,5.59327392247556,8.59179672045982,8.06533332487598,8.21527954041469,6.67296756935438,3.83969255612865,9.13869952286268,6.15017931646945,6.44843427481878,9.0134504879312,5.48977077749476,5.61939309861116,5.9509580168895,5.368148340279,11.3883674392575,"Cancer"
"TCGA.HU.A4G2.01",5.78257595844628,7.99120323210472,8.54417130663392,10.6425816502404,5.85683801657438,8.63612424907096,7.93070584541168,10.1032067232476,6.90068902237084,3.76919931501646,8.55789497650981,5.63283237349637,7.73827895835876,7.16064748664799,4.99772300252299,5.21908279331541,5.97769180181083,5.24930293589264,12.2038225944519,"Cancer"
"TCGA.HU.A4G3.01",6.09109554944152,8.16085148379253,8.91095699571935,9.51737744497678,6.03167547588896,8.31627364770702,6.73365229783188,9.31067555926264,6.85811667089709,4.49241192797236,8.82620021864095,5.59112530183146,6.49585000026052,8.96401211550226,5.21918693123987,5.88094902726776,6.22449733667188,5.16344619835194,10.5687538862477,"Cancer"
"TCGA.HU.A4G6.01",6.11059035954565,8.33246991031717,8.4234026968549,10.0229550624611,5.83729107835742,9.0534383730537,6.08488016630759,9.3277262658254,6.61172317654156,3.39480574976654,8.93943583916808,5.49765529373307,8.53150118835192,8.4364603406541,5.42190218937602,4.39237507675246,3.80974840629071,5.17862085098764,11.7866646099075,"Cancer"
"TCGA.HU.A4G8.01",5.66863745290856,7.83501005880365,8.99446075505961,10.4903453099912,6.23411311001528,8.10975956688589,6.65212034718212,10.4869064132633,6.34480013622797,3.35192588748334,9.09888974537135,5.73586985912067,8.97641840829511,9.23896606684888,5.23853127943263,5.49909919915217,5.65289006252625,5.11497097912065,12.3483255786325,"Cancer"
"TCGA.HU.A4G9.01",5.71323215904333,7.80125876083258,8.93377023414443,9.94412661704476,6.10207569448585,7.56019302918063,6.04928298090705,9.92264008650373,6.78725159066594,3.20276291794035,9.57254490278951,5.47582487094266,7.59136120775939,9.30407903713835,5.12417697964021,4.58529226268952,3.67515254636839,5.1772269717693,9.89285548965128,"Cancer"
"TCGA.HU.A4GC.01",6.11320822819823,7.71304467666921,8.72071662082422,11.1461079584889,5.78375022474094,9.27865430409602,8.44188736591243,10.1659909477493,7.01199886375772,4.72563338770117,9.02366494964619,5.74874642082355,7.40367896097056,9.09358406468114,5.37846682649396,6.5016241833536,6.98085652505025,5.07001268700959,12.323263201869,"Cancer"
"TCGA.HU.A4GD.01",5.77539082641782,8.20947219390798,8.42626645124267,10.7510353442491,5.86764668229256,9.91407887196383,6.80065995500327,9.56808326855479,7.44095856542076,3.62368067793062,9.009718615781,5.79183309546815,8.79680531164241,8.66456197638723,5.52478473373268,5.17739840189778,5.00101658091098,5.25567068727318,10.8000170247746,"Cancer"
"TCGA.HU.A4GF.01",5.93456691958689,8.42705608936673,8.60914437856631,10.303249254861,5.6311149886718,9.25802463695554,8.11417949112728,10.2233192663444,6.59980178093684,3.35243315899052,8.53161451583721,5.77129767896307,8.36329180804872,8.33493720482549,5.51612474980085,4.81543679692512,5.47195302816313,5.43314378386435,12.1687130475288,"Cancer"
"TCGA.HU.A4GH.01",6.34868467525896,8.41817152015332,8.70279062190912,11.8526684773992,5.94364343403817,9.18239708205377,7.56843873132952,9.14753168799558,7.29283571033557,3.56517988787397,8.54271385186575,5.76907898427651,6.6175504847178,9.82680806806789,5.78508147228214,4.8544701335567,5.34285050376505,5.38254798366617,8.54146717300872,"Cancer"
"TCGA.HU.A4GJ.01",5.68110874340328,7.87558686116875,8.69772455274006,9.81600148695109,5.94995044693148,8.42126492371363,7.2402289538636,9.52588459755187,6.45925490984923,5.1393353634628,9.24339951941601,6.68099024423193,6.6023503196739,7.45264804957686,5.65397136608249,6.17594434114293,7.44283121137424,5.14096444180749,11.2770445228215,"Cancer"
"TCGA.HU.A4GN.01",5.85011984602369,8.68154681865486,8.79991445569541,10.6006885216502,5.9816551242318,7.92725530228125,6.46136685847171,10.0004014333969,6.7904042267659,3.09391407468816,9.49993150362378,5.53322875083365,9.07089481326977,9.05982476694224,6.106807046872,5.50490935313819,5.58627308806191,4.99750381423718,12.6624460761148,"Cancer"
"TCGA.HU.A4GP.01",6.51870596128905,7.8632584643511,8.57055927926323,10.8364383214,5.54195782518255,8.98506756949022,6.86089005583491,9.17455806649793,7.26716915797,4.43004075720694,8.53508162363096,5.64882969270418,6.89500854079589,8.46479243585051,5.4747368985389,5.60674136869677,5.83160307449694,5.23242616879251,9.34883659482229,"Cancer"
"TCGA.HU.A4GQ.01",5.93271406334335,8.84512220661694,8.56575774536464,10.7886935469288,5.83986184953254,8.49764356186672,7.08325013303032,9.79711638268972,6.67181803440126,5.90166894837962,9.41086935146307,5.55210970723792,9.66028225437506,8.78306971780391,5.15763635119459,6.0486448205385,8.43161393699301,5.02936865174309,12.6453328999615,"Cancer"
"TCGA.HU.A4GT.01",6.15673906513721,8.01756277969499,8.98514025968952,10.9141698885459,6.17239884418188,7.84048131849447,6.57439110132942,10.1265829700115,6.51492628813337,2.84694759685571,9.82588535575961,5.51723029581115,7.62439861853584,9.26430689979888,5.38089945577661,5.22925520234236,5.86792610380168,5.18950733672833,10.0809157133272,"Cancer"
"TCGA.HU.A4GU.01",6.47783832352722,8.76277438624132,8.57333864315365,10.2482001458511,6.13831904331836,8.83310232651289,7.90150077054846,9.57507569376423,6.85832462097657,2.94305706409397,8.77365200253805,5.53121523187724,8.08517650035388,8.90007422974702,5.02713657933589,5.61728386872386,5.02454678958051,5.32183913364813,9.68957321326837,"Cancer"
"TCGA.HU.A4GX.01",5.75508343312588,7.79928952872247,8.80501016732276,10.7174535582348,6.10998510781747,8.93666158488572,6.62486286389969,9.77373263932054,6.50535521882214,3.75703645108337,9.14297814039978,5.79858196173361,9.08238418614775,8.66930263662979,5.03599346992435,5.8759731413583,5.19266633643899,5.32947912668368,12.5733159994718,"Cancer"
"TCGA.HU.A4GY.01",5.47555059467404,8.08520307556835,8.56066715975047,9.27719086376272,5.79431515756295,8.58554943242341,8.51992853142261,8.87113660875089,6.98184067054719,7.8360128936168,9.13219981543524,6.3931186403019,7.35714394984079,7.45484223914043,5.63887077941765,6.72647266792288,9.8067779925053,5.78753225341891,12.1922876109131,"Cancer"
"TCGA.HU.A4H0.01",6.25642621185216,8.25642768112785,8.62216978223116,10.6852912322171,5.74321435554787,9.02561893865353,6.50975714982227,9.9963755502098,6.93502289909163,3.5061669229347,9.30927714269772,5.68067817657497,9.04106105975451,8.22903928851633,5.11093400474791,5.37216012235325,4.64230749595838,4.79265308847987,13.1555821738485,"Cancer"
"TCGA.HU.A4H2.01",6.29952223015116,8.45979038678871,8.78083843464959,10.7045627212625,5.78283619331325,9.40286668773845,6.52568501319162,9.43348514023581,7.12529369077184,3.35435778933532,8.29283379109019,5.5052772142597,7.98997482727447,8.09799548819684,5.98606819756878,5.78574876912094,6.05529995417708,5.10855680529442,11.034284650606,"Cancer"
"TCGA.HU.A4H3.01",5.9247222265703,8.22803385707072,8.69999102808999,10.8076873774186,5.8387471708232,8.1288315995273,6.42154429795459,10.1051681710958,6.620665060216,3.45921835491272,8.69647507310366,5.70718452552137,8.38155555274981,9.1394846306752,5.04995564428844,6.01011117656512,6.40831227473234,4.80653223425865,8.05956359281268,"Cancer"
"TCGA.HU.A4H4.01",5.83836622835254,8.09254177911085,8.47676571960517,11.387297499284,5.90888678925597,9.07832573798852,7.09750050953935,10.5101154380366,6.73667075458906,2.99825235287662,8.07785819099247,5.84643747156448,9.3494855736372,9.48062223407133,5.36593871198754,5.44242314207739,5.61713946924527,5.13645715514739,13.224651677544,"Cancer"
"TCGA.HU.A4H5.01",6.50101937748624,8.10066553000786,8.78883466216072,10.8302753649953,5.86591335998072,9.37678970699821,6.63150222738944,9.94400475918248,6.41933401053943,3.19236799982536,7.2745095986973,5.66703465451327,9.1798696685174,9.11537111247838,5.78255212615794,7.66472473298121,5.05258301106754,5.30435726747404,12.1115204145832,"Cancer"
"TCGA.HU.A4H6.01",6.16653112899326,8.18551313091833,8.54765783232905,11.7818759780511,5.60750229342788,9.54001627135181,7.23357065528391,10.0644046592829,7.33920439830296,4.52005258385163,8.66057596674619,5.87165821400911,7.75261587031739,8.60487268731117,5.41537567687971,6.18080239276423,6.4526665804823,5.23046126819642,11.9566755357313,"Cancer"
"TCGA.HU.A4H8.01",5.85949581973788,7.85380075074957,9.02161153654575,10.0944172200991,6.20086587377492,8.45023426489274,6.51267458813877,9.37092557026999,6.86712100441394,4.10400059078214,9.19436809519383,5.12569829793846,8.57166991304401,8.79537226244986,5.18159033247926,5.00821483864604,4.63998756616562,5.01645735367664,10.6807864297278,"Cancer"
"TCGA.HU.A4HB.01",5.85348984250153,7.95084377554088,8.7041107940681,9.86840036172484,5.77045020515898,8.8919852298632,6.92809124662502,9.41866082330205,6.4637490814802,4.7567798707948,9.17927556394873,6.33415016308667,6.84011798818539,8.01692435165307,5.54988917062896,6.19329295411557,5.85987847788798,5.19973031434163,11.4431729398821,"Cancer"
"TCGA.HU.A4HD.01",5.7054069276039,8.16965982773284,8.9182180225288,11.7796427549571,5.87777703963102,9.77656180359634,8.43962842528377,9.24824208659611,7.01281632675669,4.34479253857227,9.1789258500238,5.47862014895023,7.97696797076042,7.24647943463293,6.10298798163347,6.28148870525516,7.11860700530662,4.74139741201957,11.3498451244681,"Cancer"
"TCGA.IN.7806.01",6.02123225422047,7.92215326755048,8.74153739934822,9.21429373792452,5.49165508623923,9.19916880412811,7.62770393043292,9.54199491615394,7.14120436678629,6.91639272203553,9.37696855580621,5.81036582962785,7.22564606610301,8.44428576963699,5.31988475581505,6.89435556967306,6.56233145479754,5.56907675613878,8.64821397947409,"Cancer"
"TCGA.IN.7808.01",6.03589223221586,8.05507815424184,8.1290983174514,10.5574032706246,5.98125897218579,8.92047837344171,6.56861589736834,8.66721236617212,6.6707231886538,4.28397643201432,7.92885397363179,6.58487351809313,7.45629072282966,8.08657120046099,5.64884985085334,5.37113224992397,8.81527165735185,5.17587737351939,11.0413209222831,"Cancer"
"TCGA.IN.8462.01",5.67344808862436,8.68038928703815,8.43799882225708,9.41844613236541,5.36137082999239,8.60264211981625,6.76778448089179,9.29876400403295,6.81367908002397,7.03212205399547,7.49929479706589,5.88260427126949,7.16756355692773,8.34116349761948,5.22745273442775,7.90432106352245,7.70939705681285,5.41556086259129,10.8328109516772,"Cancer"
"TCGA.IN.8663.01",5.50363998382864,8.90162492788189,8.25075173208833,10.7766253900044,5.76199667570606,8.64328455764894,7.56566394047621,9.21155250415057,6.33544782656344,3.6373871049484,8.63774129505145,5.78044615464165,6.63927496647649,8.24863962518635,5.49446070169592,5.27831721568024,8.23835069901895,5.1736685064769,6.75024785508232,"Cancer"
"TCGA.IN.A6RI.01",6.36645671373958,8.06897853958917,8.76848758244186,11.2073666255852,5.97245058716983,9.03184123097421,6.06577358239551,10.559151103901,7.46389351101304,3.65895975808355,9.19371735401995,5.44616928098191,6.93311696312064,9.07051394332471,5.39059560549365,4.95329995801132,4.90376443990278,5.14751509256212,9.79007967425043,"Cancer"
"TCGA.IN.A6RJ.01",6.36273242560587,8.19647754432464,8.84562401398562,9.96698009727128,5.52343820579471,7.95044977098189,5.96167684161482,8.88328612140418,6.63461815477685,4.50427853631857,7.34177529927215,6.05028778893483,6.03671827758512,7.26687179108933,5.4143684132382,8.54799978543361,6.51562770906375,5.05843949976353,10.0149338185775,"Cancer"
"TCGA.IN.A6RL.01",5.94813693827065,7.84218880169058,8.31307138115996,11.0965173710067,5.81940246392826,8.7241167892219,6.5407848175328,10.547315836943,7.10559436758147,5.44858400162508,8.30477513121331,5.59282294496755,6.63204904203212,9.06177314917747,5.39014856852339,6.02335097922042,7.09105635990578,4.81618581334856,11.4304873174175,"Cancer"
"TCGA.IN.A6RN.01",5.8798515969119,7.3934145508326,8.63070201800933,10.798858739738,5.98114120159122,8.30156061250415,6.49309616933107,9.50760054013589,6.82326411983545,4.82147275325215,9.45539274274013,5.62517755188216,7.29225424682397,8.89280758708163,5.23180707683857,6.00186940545009,6.60254270437315,4.68371999581832,8.43253175574241,"Cancer"
"TCGA.IN.A6RO.01",6.04474346047659,8.25200658653667,8.39616988775716,11.3693561604043,5.92913578052618,8.7402244083368,6.01035358033015,10.3812089580135,7.27716063712675,2.98955291202883,9.07755483539272,5.29525940707409,7.75312110019866,8.70072888850683,5.79720392984645,4.76130940816449,3.56597354500649,4.8044285288855,9.79996946639137,"Cancer"
"TCGA.IN.A6RR.01",5.76534318212407,7.61218799417664,8.52967022894888,10.5156950941732,6.12821661391611,9.08691972222636,6.63534225928819,10.0312113561678,6.96632488455925,4.68765309024313,8.5472074051097,5.72981126275559,6.90396663142861,9.51200928752159,5.47848166866066,5.66192764847928,7.08607196596548,5.24518953230321,11.6914957788296,"Cancer"
"TCGA.IN.A6RS.01",6.41124625060169,8.39964220534164,8.74221787150291,10.9138427861877,5.9121963338952,8.98554945534979,6.89647780169857,9.86504650184765,7.81956497959815,3.61889372274376,9.20282106841394,5.67972920372276,8.02561750236401,8.21876722244901,5.78653963390394,4.95473243311889,6.45867456517095,5.32720586445805,12.280814958189,"Cancer"
"TCGA.IN.A7NR.01",5.80842111399221,8.57815731401439,8.54513243076792,10.6747327719143,5.85599948505062,8.1148220257275,6.85504570075175,9.47861139095477,6.77194050220582,5.5870659212308,7.69960985035199,5.93429169699653,6.31196796562756,8.46026693240618,5.1170474513909,7.57539174949344,8.62590026671129,5.29579817261048,9.77266443447236,"Cancer"
"TCGA.IN.A7NT.01",5.7899336633348,8.85473583558321,8.33453125851587,11.2105221748342,5.88335559481577,9.26339052985836,7.18931521377579,9.73539964587526,7.40508655685338,3.69501567201226,8.31821688790327,6.05233222246989,8.57410283129701,7.90149748321257,5.63107016542621,6.06923683991038,7.39327877839369,4.77179907052815,7.01892537352036,"Cancer"
"TCGA.IN.A7NU.01",5.65462456340213,8.29077529026929,8.17688074807937,10.9162768744988,5.36826191933269,9.41768257978826,6.74631609121749,9.15183337544178,6.97161656822631,5.15556641428482,7.5149882148533,5.94011735275158,8.17627362873582,8.47571939180075,5.32951034842024,6.21129490680984,7.38681406245997,5.1269212915304,11.5584872191681,"Cancer"
"TCGA.IN.AB1V.01",5.84164450786253,8.07896673949967,8.65087810716981,9.26666611296556,5.51309313892005,8.10465816926834,6.47502469927127,8.79873497238754,6.59311912905753,6.33993260417531,7.96971894710716,5.87129683707325,6.4098191327967,8.51480798251376,5.4038026698064,8.1897279069094,7.03081939953549,5.14027666076604,9.96434358722002,"Cancer"
"TCGA.IN.AB1X.01",5.50456074040964,7.81090109357355,8.38663021069168,10.6995837724745,5.87652291063898,8.61609486710494,6.51636068160181,8.66040918393876,6.22539525515814,5.34394899938237,7.89710146115446,5.9743631556246,7.70333021349954,9.04886278519762,5.4951373069984,6.7824484330063,6.12099161300226,4.83183110704785,12.6152195488484,"Cancer"
"TCGA.IP.7968.01",6.19297387708476,8.8132304399463,8.58182651301557,9.90704771285053,5.92319902414866,9.1207295683859,7.66688854420236,9.40494206530748,6.90362660746178,3.50404393621857,8.28283387153102,5.49323407810286,7.45108082935397,7.59430732735666,5.33315015697153,6.54493001397103,6.31393182436912,4.92583068545157,9.9939548857221,"Cancer"
"TCGA.KB.A6F7.01",6.19761447817635,7.82421522567222,8.54160632582785,12.1305047437928,5.85250619276196,8.85585615187763,6.59062013887764,11.0779466858975,7.07679293665608,3.96835146101463,9.42370405312544,5.69799981771206,7.81599055970206,6.48271654818951,5.26669254072025,6.12206205669178,5.97284314534523,4.82852040563711,12.183938477167,"Cancer"
"TCGA.KB.A93G.01",5.88819479416614,9.15018819424814,8.24179101924996,8.99012544759517,5.51167610147853,8.53106137564791,8.79336788131019,8.84381316448276,6.42143987764614,3.69536553031663,7.81746246511344,6.14597396310502,6.92979848673357,7.14395719276989,5.29166692835792,8.51578953571563,8.01294317109169,5.37755777897916,9.42000245679689,"Cancer"
"TCGA.KB.A93H.01",5.98242529152714,8.00198097110468,8.63429925598522,9.9311681974913,6.25512018565489,9.68281575068392,7.63537611279049,10.1207100321671,7.3411845502579,3.33542556729193,9.16178355104271,5.28689822390789,8.56980633389097,7.67041448786331,5.75297521770566,4.61185011010579,6.51298688992493,5.22793994303859,11.648498100557,"Cancer"
"TCGA.KB.A93J.01",5.99245536099392,8.04386665281235,8.90007775684524,10.372265339789,5.97636300225521,8.37773133851995,6.51492979614211,8.48508095815584,6.74033182507781,3.09911914864921,9.61445847699124,5.9037091713625,7.44242530742684,9.5918957720159,5.45432930194182,5.18846416590542,4.9067042079578,5.09252516912774,11.6571892444789,"Cancer"
"TCGA.MX.A5UG.01",5.54240265367857,8.77835582880044,8.49575299603049,8.50697164489334,5.66619256634683,8.16378300734879,9.23600347903925,7.8850982246605,6.4560594317607,6.99569578359272,8.92974381572094,6.26991721408815,6.87552376640057,7.67829026946215,5.2864708402877,9.1717001486952,8.64456983936182,5.73955562925328,10.2541462729196,"Cancer"
"TCGA.MX.A5UJ.01",5.76407052770713,9.03131407844131,8.77852109636244,10.1927193352791,5.6526400903318,8.02776984775789,7.23874371170379,9.44082565396856,6.46924952616788,6.34205980548058,8.79249444640119,5.92586022620057,6.99070593995948,9.00188098899861,5.06782510378639,7.09494871753417,8.42513750495351,4.84942931198749,11.6092884572645,"Cancer"
"TCGA.MX.A663.01",6.42636035346243,9.16857847787589,8.68039272258322,9.52538640606663,5.51432425997513,9.24939445417731,8.11873088955582,9.12073624695379,6.61260849505863,6.97612949827745,8.62692543211164,5.99812591640865,6.78594862825281,7.22154885676437,5.31431521209912,7.46224533601161,9.79902289543562,5.31521069083489,9.64223775900408,"Cancer"
"TCGA.MX.A666.01",6.17004458404961,8.08613148649087,8.92625397765071,11.1072507827211,5.6397815763307,9.67473519507071,7.08244413739666,9.98721200522745,6.76118688678573,5.08226545311733,9.29774714494455,5.98520518259582,7.71230472589698,7.32227380261562,5.66520098942731,6.00231209998821,7.22079812538457,5.11663275169573,9.95133907585849,"Cancer"
"TCGA.R5.A7O7.01",6.41906868562365,8.59205786495233,8.5695668332772,11.4052362863669,5.91645011770724,9.29994958476519,7.04838384703244,9.90169738806153,7.85665719197713,3.40008643430687,9.26655879536918,6.08400684203678,9.11698367613407,9.88030385818687,5.96606454887294,5.72047142348162,6.64849462223592,5.31893990412224,9.9569040925785,"Cancer"
"TCGA.R5.A7ZE.01",6.14352455310839,8.4155954980944,8.56015081368342,11.3339404908986,5.61778842003598,8.79757223018939,6.85232078893391,10.3738790869055,7.08488586657821,3.71050690552576,8.16946115781514,6.01382813612427,7.31225631873586,8.82226509003356,5.6930285648564,6.66906144829601,5.91912489153794,4.90494532880311,9.48770070934238,"Cancer"
"TCGA.R5.A7ZF.01",5.69114212116417,8.53417670005523,8.16814598918531,11.6124623254418,5.72491112029014,8.83661687131522,6.84332486836935,10.4468247059243,7.0694558362791,6.03381871212991,8.01706205522817,5.49930644676324,9.11104049875983,8.98844905133351,5.13173460015189,5.71087119555336,5.8667270990357,5.01102344503286,11.622030021808,"Cancer"
"TCGA.R5.A7ZI.01",5.55743095519082,7.98783605699925,9.01570681262801,11.107630751166,6.19602616074501,8.40667864587864,6.2403874034087,9.90718785571998,7.23115348540427,2.69070914879994,8.92250463000846,6.04798689589586,7.43553391412914,8.73733876211479,5.22481215648695,5.11164860776995,4.6741156534889,4.67574882057012,11.8890125329451,"Cancer"
"TCGA.R5.A7ZR.01",5.85046508374019,8.22017024589869,8.69384812406073,11.3782167280925,5.77416982260155,8.68740515433858,7.12427105131186,10.2830050947606,6.90225484993493,3.18654924774686,5.93705565459921,5.47092893592305,7.95767736497385,8.44098756395864,5.58761946943689,5.43200141543931,5.90051777651672,4.97264811829247,11.7557420380566,"Cancer"
"TCGA.R5.A805.01",6.16337042149406,8.58193940264091,8.48136149487246,9.77823500795505,5.63620375037322,8.23690603159885,7.74480720258208,9.16613720007459,6.61177421883022,4.64304734804424,8.58167155726098,5.97889284349085,7.53999393250514,8.73023429404113,5.47967334266625,6.27401950026647,6.26217167757261,5.12795984508703,11.4232068241457,"Cancer"
"TCGA.RD.A7BS.01",5.5286821084159,8.51726617301574,8.60608953447503,10.5054343084716,5.65042646100172,8.19453719408024,7.08772154068893,9.47478223977177,6.48299925178997,4.98940679612447,8.43181891091336,6.00918676813117,7.2234883553324,8.5667828045887,5.65098793632095,8.02861556928704,7.70202830617674,5.15581122873771,11.5760379712827,"Cancer"
"TCGA.RD.A7BT.01",6.33061563772581,8.23970881476248,8.80442311750642,11.2049517175678,5.95200380937198,9.21535614180339,7.39422214765957,10.760120352649,6.92646807072296,4.71056699149707,9.38900508917155,5.14491380310917,8.65035334856189,7.9450869013636,5.72173430203739,5.03122882974973,4.99834228340008,4.95558892927757,11.7245423373536,"Cancer"
"TCGA.RD.A7BW.01",5.51216818172511,9.38719583773194,8.44972790903686,9.81232694569914,5.53250583427525,8.17515690103609,8.45455931611086,8.8207710439929,6.35406504329403,9.16519276645632,8.5386790776291,6.29014471936949,6.32327309846164,7.06394982727643,5.30989452287316,7.2310051692656,8.69770894506582,4.92697063950265,11.9313507914982,"Cancer"
"TCGA.RD.A7C1.01",5.89185122758871,8.09673595424746,8.79738813046181,11.9793208160945,5.56070580248414,9.61740281234231,7.00488949870832,9.8330932075653,6.95462356564182,4.12060729300094,9.07662506578699,6.06814117885837,7.75713189878376,8.98487743969042,5.74619938852143,5.75647828362122,4.75866291898017,4.83333665698061,11.3650162210364,"Cancer"
"TCGA.RD.A8MV.01",6.00972856543708,8.12075867220534,8.56146966409304,10.7693236844477,5.77560143861102,9.96110860227584,7.4196243113576,9.26074724584624,6.74700989231811,4.16013523277543,8.93506770939721,6.07495970495946,8.92893163382423,8.36423771396255,5.81056899656558,6.09238695765596,6.29311297996734,5.2100413636052,13.1485977966856,"Cancer"
"TCGA.RD.A8MW.01",5.88218063296652,8.78428259681179,8.57185917720519,10.7962232146093,5.96167546817113,9.3399268312355,7.66582806907529,9.92696218599796,7.26311428356319,4.62314718732523,8.74654940445462,5.9524617672223,7.09540916785272,7.79524675342589,5.69753128710652,6.58800969017981,6.4278915483274,4.61724345596097,12.1783379885617,"Cancer"
"TCGA.RD.A8N0.01",5.71964760564485,8.02995337229762,8.65921815671223,9.59019588041151,5.96876655172393,8.27007154399312,8.13144472255575,9.07096854551483,6.55379867103216,6.14444305530436,9.18674860195254,6.31005843570132,6.90085189531262,7.85956415178729,5.2411749541629,7.4726016794912,9.17721958443302,5.6761629407942,10.5356182046781,"Cancer"
"TCGA.RD.A8N1.01",5.96681589439167,8.23917680655869,8.36929943726113,9.80245748093767,5.52815268990008,8.94364119424295,7.37958692539433,9.36303364937599,6.90432641350388,4.11565022652829,8.26312242390123,6.06728731253592,7.57838838797776,8.45450969499062,5.51502316709229,6.93892672533232,7.26837709372653,5.52545307101966,11.9696584967917,"Cancer"
"TCGA.RD.A8N2.01",5.37551504621986,10.1899021605742,8.67931389202377,7.82400188166812,5.76790257042372,7.82687475904997,8.4943217026527,7.58102758311201,5.99110637906818,9.12581643072622,9.014855831956,6.31497966470828,6.09743285391899,6.72650151120253,5.04311245082679,7.83324296176526,8.80250155072834,5.57672919549744,10.346988430388,"Cancer"
"TCGA.RD.A8N4.01",5.65566537519205,9.74856748917338,8.72248229351022,8.87962115892621,5.71676591848532,8.04881782029833,8.68700357334936,8.01061287385255,6.3507618948225,9.43952869673222,8.97482784878935,6.32129065316172,5.98707685606404,7.19246658793464,5.21462121314553,7.78141160812556,10.2376113622429,5.30622747916655,9.13375699160146,"Cancer"
"TCGA.RD.A8N5.01",5.94353489806251,8.83633577628114,8.40395868472922,9.23322874186642,6.09668347963569,8.39476291827686,8.74900196120807,8.85381352557552,6.47363000810014,3.27752489958376,8.24174447679933,6.06635392105395,7.72489915048943,8.72039245027869,5.54207348946666,8.77150349891199,7.33696123820937,5.30277651577105,11.3222251055461,"Cancer"
"TCGA.RD.A8N6.01",6.36475673606116,9.09100333523977,8.55317967795805,10.7316921175277,5.42289466499099,9.28375786677727,7.42955469966251,9.65187516192397,6.69154678086789,6.33064517496364,7.83861571812818,5.67161794820522,9.06738436296898,7.9362823794344,5.41497581972285,7.12179375540387,6.67537846229065,5.29009852835011,11.7031548024985,"Cancer"
"TCGA.RD.A8N9.01",5.68845059872988,8.82819943234023,8.33834127466853,9.9472774400613,5.42567372646562,8.56248093016809,8.65208433805287,9.30399612988201,6.4370325078506,6.63877430786798,8.09451712196777,6.1082729427723,7.56014748962543,8.09149709563868,5.4211172234947,8.42786112447681,7.90645259429037,5.67424080659154,11.4945971645015,"Cancer"
"TCGA.RD.A8NB.01",5.81577355067275,9.05389093306989,8.69568940572016,10.1530758600768,6.12352276538093,7.83605095356429,7.5431161222236,9.27079097024743,5.73102900771022,5.97322961405256,9.21224860080726,6.10327414515239,8.21619348446119,7.97419989054475,5.22055878640309,7.09656824762323,7.22801509961105,4.9441785326407,12.6573061983986,"Cancer"
"TCGA.SW.A7EA.01",5.5242732968485,8.39654161039061,8.6773170850896,11.5014029945112,5.69842462931127,8.19097067597304,6.69578750017413,10.0528760430619,6.69502223242005,3.24142070932028,9.04657114835707,5.83456306932544,7.30620885106629,9.23261764947686,5.33478783592007,6.30292785903065,6.2351185401029,4.88073564455245,13.2306906087604,"Cancer"
"TCGA.SW.A7EB.01",6.07317720086621,7.84882194162731,8.6664447281444,11.0055903680475,5.45721315899839,9.14775484972923,6.66225114967158,9.58468395688943,6.60232913261488,4.91853356594766,8.46090863032589,5.97347271418551,6.87227349032794,7.65307327578146,5.39622436596957,6.37114377757167,6.57913976307204,5.07708181474003,10.6432693216694,"Cancer"
"TCGA.VQ.A8DT.01",6.20944954128931,8.115299074807,8.91579318524354,10.8271674895472,5.90500655564353,8.88076272773844,6.45047893586373,9.64651149868986,7.0664609094176,4.52858004731916,9.3570649677054,5.52944305978391,7.82552784997396,8.99287355522927,5.37926791541701,5.9961962453973,5.87422530404675,5.13860783153744,10.8117719647963,"Cancer"
"TCGA.VQ.A8DU.01",6.15346717806032,8.46208511042093,8.30840379369398,11.6411557053299,5.32374693961868,8.98054544831936,8.97558145323994,9.43457449944828,6.40081413360234,4.7753710533304,7.86967616116761,5.79565855475732,7.40477475296307,7.85268509301699,5.40205067738316,6.96950735666507,6.50116744223488,4.92273172913927,12.6371814013666,"Cancer"
"TCGA.VQ.A8DV.01",5.78855611497755,8.05120586793404,8.20944259617279,11.4327331940701,6.14293614328179,9.87759660477208,8.37700954536211,10.6750950903084,6.99493695636113,3.12829593248021,8.58282692660897,5.48645368250403,6.91976884722728,6.38516861288543,5.61926086820867,5.0515867552681,6.81421376987383,5.23323315181872,10.5330981110879,"Cancer"
"TCGA.VQ.A8DZ.01",6.4071333424846,8.27769566338981,8.95008081564267,11.1174564304321,6.13979754439385,9.95851167234768,8.42017776409657,9.89281240881456,6.94737028637381,3.6732631640365,8.66221956260842,5.70131927320131,6.9362784905054,9.06361659837347,5.96523945435305,6.2268835286027,5.97958743539809,5.17440691449471,9.90208775302965,"Cancer"
"TCGA.VQ.A8E0.01",6.72710066777769,8.18267404595757,8.48137959337567,9.88816714105479,5.60905968739347,8.74423748108049,6.66416127175464,10.1277760229886,6.5713202768939,3.67602974684614,7.63026194036855,5.60256096258204,6.92126807524041,8.67144716469661,5.96436322179347,5.37167039030056,5.43508167442125,4.89471975211351,11.8571065598727,"Cancer"
"TCGA.VQ.A8E2.01",6.76049686403854,8.39461564755729,8.50185746036981,11.1698981313037,5.63440948178522,9.69477440526199,7.66756882190613,9.86096707380829,6.67003820743102,4.85348674593627,7.98798805698462,5.74023562498253,8.25585740558034,7.05129048614541,5.5768454099427,7.36296717409544,7.0145482860951,5.11919942150968,10.8463707587789,"Cancer"
"TCGA.VQ.A8E3.01",5.51827938885022,8.13670840910881,8.49457409736569,11.2293029737841,6.16729305936645,9.10515129338039,6.76549420582532,9.68007907621056,6.57900597080261,3.27500824099897,8.4574646139057,6.09336088366643,8.70164282741957,9.18339828111894,5.52182766973311,5.28134797777267,4.68917512103393,5.09071215363027,11.5346271385454,"Cancer"
"TCGA.VQ.A8E7.01",6.2200183970854,8.74955138837884,8.71250623521595,10.2314428877878,5.78185974069746,8.48231399813258,7.59495774917034,9.06701644784299,6.60654505841262,3.9181435958385,9.20115374478001,5.19652071790308,7.26692499874788,7.78190535009627,6.49443682422907,6.34087117429342,6.52434849252791,5.15808575408044,10.0444677777532,"Cancer"
"TCGA.VQ.A8P2.01",5.77018566702521,7.9424365847951,9.0306675524987,10.774080161589,5.9899401100418,8.03408312411995,6.15692716228087,10.3787766663229,7.0836683308895,2.94120992906842,9.24296483710913,5.17074044217842,8.76444919900324,9.29046352827355,4.98452521515427,4.97642590368795,5.46628653746794,5.09849460288978,7.17069085274854,"Cancer"
"TCGA.VQ.A8P3.01",5.47935242228811,8.4641570882346,8.97565908364853,10.2919716282827,6.23753694060618,8.54284009326749,7.00223433157256,9.87657222016061,6.78174760428352,3.56895879108802,9.46102520027885,5.81759591240175,7.5570033261021,9.60847417565189,5.31026496095907,6.91588714867684,6.94513991702595,5.25162383053588,12.3298252928158,"Cancer"
"TCGA.VQ.A8P5.01",6.32046048307421,8.38842801177159,8.21355589345906,10.9497579038988,5.95740636192943,9.07316151186816,8.18877052654611,10.1554911477335,8.15686745824638,3.46861859747522,7.77179917589961,5.52680340676276,9.59541291063881,9.15753227503926,5.49662454190669,6.95577666047475,6.00785441383035,4.85827141897111,12.2573110008635,"Cancer"
"TCGA.VQ.A8P8.01",5.61766818442553,8.38686759348828,8.8534202032541,9.52690579998701,5.95904517932597,8.37181193855843,7.45938982552726,8.86986999198725,6.59677682207466,6.23443504690559,8.96868176329271,6.03766577620656,7.14420772921463,8.54807081067797,5.27523395198536,7.0863230436916,6.95178238699171,5.3186391763723,11.3256690811685,"Cancer"
"TCGA.VQ.A8PB.01",5.50832541710651,8.18347347505936,8.95772385175981,10.7206379544092,5.99688462493593,8.18323926966238,7.05021284957888,10.0696303608131,6.21790435944516,3.09344334215474,9.23322212068447,5.85447349758733,6.97374300418059,8.62155857149324,5.00748613113023,6.20625790875525,5.62161440339864,4.75861920827317,8.51601339027578,"Cancer"
"TCGA.VQ.A8PC.01",6.40277332399724,7.98880259319212,8.56896024430359,9.98569428228751,5.55366565219346,8.91805999868092,8.24199289830832,9.21690416553248,6.37283829308167,5.38361054536867,9.13448514698564,5.99922955468919,8.57911807941022,8.4451028966155,5.93768721640017,7.42545415331289,6.91142796597528,5.38682217230148,9.84164419776901,"Cancer"
"TCGA.VQ.A8PD.01",6.00379352893656,8.60396534954805,8.55787313075137,9.26920348762762,5.76465094313239,8.34960980058696,7.60222526089326,8.66277776696309,6.5041884759027,5.16218330163234,8.92498631212517,6.13233990682156,6.93741130214796,8.27632973360146,5.40807398510676,7.49581781244229,6.50676022662658,5.4081114151413,11.0815993427132,"Cancer"
"TCGA.VQ.A8PE.01",6.51770220211787,8.24570293437431,8.34124637277405,10.8194537944803,5.55058676541457,9.76504464107505,6.92018818657853,10.135263307623,6.48766598346135,3.10540236141164,8.02955354367598,5.7896216251041,7.83890867917016,7.25034137925929,5.73940244477371,5.9077641267007,6.4472445807412,5.00612856973524,11.6952083685336,"Cancer"
"TCGA.VQ.A8PF.01",5.24150936014339,8.2253367944968,8.78134229430936,9.95616561238455,5.90165098116287,8.62906329490342,7.48049724403686,9.33629027187635,6.65481184363553,3.97009102629555,9.13023936241086,6.04684287306797,8.42369821930187,8.1142270020921,5.33150115209303,6.16010747979799,5.21657597999377,5.26975014202356,12.9009121295584,"Cancer"
"TCGA.VQ.A8PH.01",6.17680266513017,7.85906715082391,8.70977915691065,10.5868294598657,5.62048026005953,9.75470260502929,7.36105967192201,9.95109941965642,6.83990270603528,3.59186610696553,9.48100282429126,5.81685970093281,8.53677592104244,7.05989290747407,5.87671821051487,5.53568248297015,5.67713812568884,4.98272160602357,10.2740928688756,"Cancer"
"TCGA.VQ.A8PJ.01",5.96764290331833,8.20222009233702,8.8384327324935,10.8127782548445,5.35063900996392,9.24705230333275,7.28661362538299,9.0740376796821,6.72796271244048,3.5334261208015,8.9434524005234,5.9888962143729,6.39393917399386,8.95499107322698,5.49908658544597,6.08142387783464,6.25628710794433,4.87161524647518,10.2633080929172,"Cancer"
"TCGA.VQ.A8PK.01",6.52245564367561,8.3313857463599,8.50624687189124,12.1372105831206,5.26590668385038,8.63927479511514,7.25101772230889,9.1286022334371,6.35313678107624,3.2210251914665,8.36215524665394,5.73545887779425,6.69392453915364,6.27781850592256,5.62146174774612,5.52373078387924,6.29116037421274,4.76851393195859,9.48985986060316,"Cancer"
"TCGA.VQ.A8PM.01",6.42278962739272,8.15399630407527,8.99781929651557,9.72508226535711,6.05365972711282,9.20212691204196,7.60790705149959,8.69879377622002,6.51684778074112,4.971850383156,9.35492469224326,6.02780177710051,6.82137817326314,8.08906673505377,5.23915234897913,7.43074373531474,5.99064770326306,5.3856752172992,10.5856272098114,"Cancer"
"TCGA.VQ.A8PO.01",5.57253112715621,8.18120530650083,9.05801015363395,10.6914374536172,5.89790004292889,8.58870864917992,6.73967130637756,9.77659981777178,6.26841122094011,3.0590557651659,9.75775276665957,5.98739054407412,7.8658123849203,8.82263130811368,5.45985692982767,6.01455929104939,5.55451758130697,4.90676561203793,11.709883435071,"Cancer"
"TCGA.VQ.A8PP.01",5.21482697663254,8.82299759904581,8.79348734424177,9.92102839489529,5.84168081929772,7.83282084845575,7.18239252535461,8.66848594985438,6.1677118211655,3.37905704584683,8.31204941191712,5.7879280175827,8.35548112035349,8.17244628048929,5.34310087127161,7.88183393445753,6.97842642005295,4.98607359874029,9.65687831839552,"Cancer"
"TCGA.VQ.A8PQ.01",5.61695880385593,8.20813897733301,8.32349446029029,9.05681153815116,5.78411412769452,8.46781371975064,7.88785957111076,7.97721476569057,6.39988306902193,4.93820016473891,8.72011438713143,6.49380231663012,8.19099837489516,7.87567561682068,5.54312275913264,6.40737677882933,10.0966891256009,5.21097461089409,11.4906567460873,"Cancer"
"TCGA.VQ.A8PU.01",6.02992192308169,8.21570203116741,8.24219614063458,10.1436281039938,6.02828249346865,9.20662543986206,6.26633721692513,8.7923142207607,6.52021640801053,3.39744972911202,8.14777332208046,5.6435409124239,8.06590135081752,8.87949186984157,5.46507847227005,5.59029833466383,4.63092960278191,4.87601749381908,10.8986699442312,"Cancer"
"TCGA.VQ.A8PX.01",6.46534145428019,7.66002621886099,8.9426644891177,10.2208345161242,6.20776799497614,8.70770879663449,6.36872866830277,9.56528190450759,6.51626932438138,3.46373435641448,9.0646254317903,5.80477296868418,7.41006889877811,9.12299357273973,5.54617356057073,5.03263741256794,4.52307864970522,5.05669578267269,11.9598296864958,"Cancer"
"TCGA.VQ.A91A.01",5.80526289703995,8.89131729246503,8.49562397115938,10.6588098178913,5.64715040252578,8.63683441760467,8.04537697230361,9.27040843044183,6.48533476005962,3.56292871581502,8.58452023173531,6.08938766573035,7.83168320915557,8.36861453220115,5.56129282061483,8.53715078742067,6.80322758260958,4.81820008315696,9.60133757031305,"Cancer"
"TCGA.VQ.A91D.01",5.4618982866415,8.62392932591999,8.76184504698654,10.4369653373418,5.7679256188101,7.74502459180768,6.60253254719977,9.19195264079223,6.0364195415357,2.77315468061057,8.95247252324401,5.58915931396073,8.39933212530652,8.16496128689052,5.13608395831794,6.44912482111989,5.33543416483623,4.88559215652497,10.7856325034181,"Cancer"
"TCGA.VQ.A91E.01",5.98986490546137,7.98180575626299,8.9520812934047,10.0879738206105,5.91333211727923,8.4347084022211,6.18125510877012,9.15319050437401,6.08133382465229,3.96495423888736,9.32923853082323,5.9377376485545,7.89255283116381,8.67499317370657,5.2975559868829,5.20098238099098,4.97607419548956,4.80750238808859,10.2032893804294,"Cancer"
"TCGA.VQ.A91K.01",5.50165508711271,8.7477733284911,8.69835998763679,9.92065018425474,5.60902356558851,7.8700198579664,6.77639181780546,9.28213782673506,6.51253165550585,4.68304616551255,8.02272255757798,5.99631830449623,8.25175449993976,9.27705003213461,5.69786798984097,5.77062966817803,5.71253420584947,4.94082313815122,10.2429634454004,"Cancer"
"TCGA.VQ.A91N.01",6.33286740334979,8.17862417699848,9.01412609342688,11.2607399831914,5.86236615939001,9.1224594822189,6.91300172163227,8.8614852199147,6.9759352419626,4.56701968538138,9.35813768897306,5.47451074477319,7.58768879694732,9.21997627113536,5.81418113660486,5.87456147969447,5.86960742640501,4.80855412620104,10.0555069691642,"Cancer"
"TCGA.VQ.A91Q.01",5.99344396283068,8.35553102992325,8.59673595615033,10.1955603640492,5.55370272956,8.2865065112304,7.42102900406002,8.23676545051595,6.59282825187992,3.6480640063708,8.61756724490931,5.36321656625374,7.30861124716645,8.62170798773928,6.0548767085655,7.07042767426271,5.90335547621153,5.0245698744127,9.96013583855421,"Cancer"
"TCGA.VQ.A91S.01",5.73575744476724,8.18210614295094,8.65718222400677,10.2815459721241,5.6681550559305,9.05574194596646,7.09610975397355,8.91951973630557,6.57785180282007,3.22984870750066,9.19817201349086,5.61102623585788,8.39270502377767,7.44889884968829,5.36323585381063,5.55990847170596,5.00867718743632,5.12857431432345,13.0890304052571,"Cancer"
"TCGA.VQ.A91U.01",5.63426596920516,8.13292006947635,8.46524881790024,10.4290513344972,5.7697920162803,9.21225853664505,6.71190233035939,9.43594498215663,6.81278909878928,3.58189051532212,8.85890628006733,5.59307932935289,9.0150061807638,7.30340627158069,5.21524177744571,5.12869714633122,4.93920064696172,5.45314453950052,12.6542255094948,"Cancer"
"TCGA.VQ.A91V.01",6.38789137643599,8.2101580424128,8.47995253192943,11.0565336906124,5.93674422075497,8.59785816068623,6.3163483416446,9.45079890299438,6.69957347316762,4.14381318197975,7.78663577249228,5.40328058302765,7.00635907679474,8.52589651804824,5.2853291562535,5.24656062510144,5.62588110677969,5.29308069863935,7.39950109238746,"Cancer"
"TCGA.VQ.A91W.01",4.96633725541093,8.38642649306583,8.79093433401054,9.58898228934211,5.85218196708067,8.54517991476504,7.85773503431617,9.01859968751745,6.80761376510567,3.41830427953009,9.32009163565606,6.00034279976733,8.25465446817648,8.75671836487363,5.13926595970871,5.24260569068554,4.80969007225632,5.08779319152989,11.3767392529282,"Cancer"
"TCGA.VQ.A91X.01",6.28621865956724,8.60943207046463,8.67294744957449,10.8662172587067,5.64695863336081,9.54043421017066,6.00323051173273,9.73172672753698,7.42244089691191,3.06343472059618,8.95389183785455,5.38596300265339,8.18924271751829,8.36681750401773,5.42870678244327,4.95460390477323,4.28815757717381,4.89885431619592,11.6551566228916,"Cancer"
"TCGA.VQ.A91Y.01",5.53086201486242,9.44829334656733,8.51953206799574,9.01306472174053,5.48807949485368,9.17091314583662,8.44841269277189,9.2036595141602,6.55738129019234,7.02179171077032,8.29352633568908,6.0408443978433,6.93899769613641,7.42006074474754,5.23819052181061,8.15503291795665,7.19264755266033,5.25543006871285,12.4245595093357,"Cancer"
"TCGA.VQ.A91Z.01",6.54371694832588,8.48790512393246,8.61925130697201,10.5418284296424,5.69960327086164,9.26935120817906,6.09680163887535,9.04399826076916,6.29099945892702,5.00288830333409,8.19470442601571,5.33374223324654,7.80382826080975,8.83632010464213,5.81936672751885,6.07459901794228,4.59037189095454,5.42127346037778,8.97719048958288,"Cancer"
"TCGA.VQ.A922.01",5.78760388285002,8.72526347184557,8.2545112320405,10.1845075065265,5.52615021713227,9.05299842405925,8.42048914348527,9.01458910950849,6.80929237409798,4.36879187087444,7.95643230731709,5.99711161838849,7.23353539685015,8.26452913956983,6.12767617094552,7.63401379951135,7.0530698335725,5.35363991071132,9.9091905812533,"Cancer"
"TCGA.VQ.A923.01",5.64532771324692,7.91484641224679,8.21957055165869,9.60362251302227,5.723380150196,9.00971500324595,7.56655591245809,9.14363727394804,6.65918056118605,4.44498308206855,8.1602546024036,6.05939558915148,8.03800997083186,8.2750081421853,5.31810867477049,6.52532292620949,5.85035108896029,5.4074354408114,12.4739939509365,"Cancer"
"TCGA.VQ.A924.01",5.61949507580828,8.57697986085073,8.9808721795982,10.9682865161183,5.88001665138001,8.2509285834131,6.75631359581234,9.85010217225857,6.6112155239398,3.90403730123582,9.4923790022599,5.75957139437259,8.84262014315297,9.03191272301355,5.42285114813577,6.26326113357984,6.13397355220694,4.88998295991885,12.3672240290847,"Cancer"
"TCGA.VQ.A925.01",5.91365024296392,8.12480639211271,8.39464622841701,10.7784531963712,5.67652698886302,8.67770797965067,6.89701215370987,9.13806872788855,7.50330603076739,4.53234419959246,7.46562115167298,5.78430552556982,7.50072883025121,8.33796751723182,5.015701252682,7.74771935850444,6.92499276807645,5.04694528945459,9.95510959618991,"Cancer"
"TCGA.VQ.A927.01",5.79130088716834,8.06423947527473,8.80144818340764,9.57323940226464,5.80877873165734,8.08046638372502,7.36892029044936,8.64302730156031,6.51404033152448,6.70951168645861,9.09309049890809,5.84160000572157,6.34433585724023,8.46481599206038,5.14265231828099,7.05158373898409,6.15506170394228,5.13675360518242,9.6849469036921,"Cancer"
"TCGA.VQ.A928.01",6.14405468089202,8.8697326566125,8.9372190206903,9.70545369492087,6.02684072021625,8.83491315575861,7.6148940365326,9.0947010264883,6.30921571869994,3.85198879312552,8.6575961639524,5.98695728042892,7.69724576855918,8.61840630727386,5.28315878599243,7.82366276969287,6.15143472485996,5.43401419106436,9.49111896762162,"Cancer"
"TCGA.VQ.A92D.01",6.000926825742,8.00863766537138,8.29062454322397,10.95591378027,5.4150081016699,8.38612823449178,6.45567676711455,9.20059371188939,6.2098720995137,3.24704688297055,7.57037126114588,5.8793645877448,8.3577032916155,8.27106256639372,5.44381508008761,6.26694398850683,5.87338518342475,5.39408177729256,12.00225184287,"Cancer"
"TCGA.VQ.A94O.01",6.35707179789918,8.21903382710073,8.72703238670829,10.9601448604391,5.86042454507554,10.0073437538485,7.83517741716152,9.76371734178078,6.81346361877678,3.49224619527771,8.49614460861941,5.52428839085432,8.28065037589884,6.58421804069261,5.43586770758618,5.79622645011825,5.30885898963361,5.11190091260328,11.8850988268975,"Cancer"
"TCGA.VQ.A94P.01",5.67362659532055,9.78888715285137,8.68326283467875,8.97270958811773,5.52550501973031,8.09300521783473,8.42471595279251,7.99619363653465,6.07148255153879,9.64801863464437,8.82021133800147,6.29440258319554,6.06920988410284,6.67315890514984,5.1602154008206,8.41452159330625,9.31739540120996,5.35785370382207,10.2699443809769,"Cancer"
"TCGA.VQ.A94R.01",5.88871458475673,8.18404430685279,8.51649018544402,10.1026151558166,5.44605984702085,9.10251991048824,7.73701987495357,9.05710353266316,6.61937147578701,4.65991190113426,8.50024015088356,5.67750511836194,8.96887968264135,8.6306132895646,5.25505457059477,7.86795388210768,7.4706757602477,5.55876250207764,10.8651626746202,"Cancer"
"TCGA.VQ.A94T.01",5.99629723777922,8.374051786559,8.67921761723473,10.7426875004719,6.1255504357503,8.86025325798855,6.83217595370932,9.75650934090483,6.90231436728823,3.37343291509309,8.48983850938342,5.66169360027942,5.61805918410133,9.12611790948231,4.91557777789434,5.49405372373414,5.08622343640679,4.64658649015607,10.2659028658523,"Cancer"
"TCGA.VQ.A94U.01",5.97678250917877,8.28698823786267,8.55470913619451,10.3932939630976,5.67012126008147,8.68100915931963,7.85599343462488,9.91522786599073,7.09223822787361,6.87921927844404,8.80618341609206,5.85942538195694,8.59550702902663,8.84545481547109,5.71327448257001,8.07450700442586,9.28914206964342,5.75601990283085,10.5254000630149,"Cancer"
"TCGA.VQ.AA64.01",6.09533045637723,8.50815307985365,8.45847601961281,10.6136014684273,6.0294455811543,9.0940826237374,8.02942415637684,9.11177508832419,6.81776737699435,3.71622260316457,8.00135419367998,5.82018792359244,6.83375470916305,8.11899023267887,5.33696848487918,7.54075724815706,7.07220875208387,5.12496971755258,9.00493238978924,"Cancer"
"TCGA.VQ.AA68.01",5.34004846276294,8.46918907026027,8.82901688315832,10.6713048891371,5.87971794743633,9.33308029842714,6.35868670165137,9.0799748113795,6.38413274719226,3.29255767030723,9.00675838310953,5.56200068803554,9.1475669453955,9.37495994440937,5.44981477519747,5.64871855534219,6.16763060852085,5.20211238060441,10.5313264230627,"Cancer"
"TCGA.VQ.AA69.01",4.8601176427209,8.52731181392055,8.70590836714612,10.7948667310379,5.71087984196045,8.16700696198714,6.21674253781856,9.44024224490317,7.11871974189153,2.95128576405098,8.88282177634655,5.80012050738946,7.44560690255584,8.68982434683859,4.64827623883833,4.84091363509133,3.96007129021171,4.8995318472318,9.4631773560961,"Cancer"
"TCGA.VQ.AA6A.01",6.50778670624631,7.98659909827939,8.4048507885826,10.7007877745271,5.66999889703325,9.25530113095892,6.48258348584065,9.3198937800476,6.56368286778352,3.97341004655538,8.95001679872995,5.31123353712638,7.9479002692647,8.3143360596834,5.37707097851824,6.17442055502366,5.75984965107454,4.90099088341525,9.45133550622859,"Cancer"
"TCGA.VQ.AA6B.01",5.91699754859282,8.21504109608874,8.53460051044739,10.158218369249,5.88770242105779,9.73805572413124,6.91207419575834,10.0835979881341,7.18834008320661,3.39125241452041,9.46390259542221,5.52185214106112,9.2997202998145,8.9711505397677,5.74050885468422,6.41177817622904,4.89949601274019,5.04396667519196,10.1024403842813,"Cancer"
"TCGA.VQ.AA6D.01",6.36735761510752,8.35780177084956,8.78696659410279,11.1114445549494,5.79142774449428,8.87623574389209,8.34717012568784,10.0595326704294,5.63702232177664,3.38680673014897,7.74693686041938,5.74854099616867,8.15278003172211,9.54819087989565,5.31240466759867,5.41233626658763,5.68441909965274,5.06737993042579,10.6723779165479,"Cancer"
"TCGA.VQ.AA6F.01",6.16496463291502,8.02224593711938,8.59638639786589,10.0159516768153,5.65366276412816,8.86616940524927,6.72970545409586,8.93591362490649,7.40228094550762,3.36271984353126,8.74308943952781,5.9253426848119,8.3587718188054,8.81729271933294,5.33558220743296,6.52580779206522,5.49226936622205,5.20578951243891,11.5618092768964,"Cancer"
"TCGA.VQ.AA6G.01",5.79297129109662,8.15887819770366,8.66875298453214,9.41705918147635,5.72528356147104,8.67326537325136,7.29755487983599,8.19238589821022,6.09229910137484,3.51264667977364,6.30406991741248,5.2529707279451,7.18960866234008,7.90383358682362,5.76498109857766,5.50921853121881,5.33202252813622,4.89001075125695,12.1491840024576,"Cancer"
"TCGA.VQ.AA6I.01",5.86654258930897,8.63844571776546,8.87054405604463,10.6044787219886,5.7542454054641,8.73259792243154,6.7648241196956,9.29353288100798,7.07055368259546,4.06442564097866,9.62950258590747,5.50747461826481,8.16362123491723,8.44323657078403,5.74930040479201,6.17798197339705,5.23958577757344,5.82364887640989,9.32542018369157,"Cancer"
"TCGA.VQ.AA6J.01",6.52825815321122,8.13420260717136,8.72916987416979,10.2471172373715,5.50851336958716,8.86897007730614,8.32493598362662,9.53754739478743,6.19801455214543,3.31161425419798,9.2618904705441,5.9278789508151,7.6827889721462,7.89476994138905,6.00804692653328,5.47022075510567,6.12981342266156,5.28751355536759,10.4308686828802,"Cancer"
"TCGA.VQ.AA6K.01",6.04423949814254,8.29551798486217,8.41513010037697,10.5949354379476,5.74591507840583,8.99762949690169,7.35589333012817,8.89727558706842,6.81626705457313,4.13076194542843,8.11764898643461,5.57169622722627,6.15445629187282,9.61848668840794,5.31580378691594,7.72261699606306,6.89471698147892,5.08296926371837,11.3726500408029,"Cancer"
"TCGA.ZA.A8F6.01",5.72367828028388,9.2487292277882,8.60334810878809,9.1252904884964,5.7689430946972,8.29420901925096,7.66060737847004,8.4284346991863,6.47606875015402,7.9217411873225,9.04622762663588,6.01513381181334,7.8550192301035,8.38507085474472,5.37604407960745,6.29200385796914,8.93174589948753,5.30720157183301,10.5268340914423,"Cancer"
"TCGA.ZQ.A9CR.01",5.97915830970979,8.62200151575816,8.48114721634864,10.6404729924935,5.58995642001347,9.42252908549945,8.14807117025078,9.75493970298675,7.08742039147981,3.63559490203702,8.73435843615068,5.79568727019543,8.37353306510891,8.61116609365617,5.64733351470728,7.39718575672048,7.3754695412438,5.08477457912278,10.3800269902341,"Cancer"
"TCGA.BR.4191.01",5.68807166841169,8.18782468045654,8.80576126141708,10.1043519172058,5.91843990586112,8.54573745216246,7.87525458770243,10.3160285635145,6.94801610763476,4.12546058932369,9.09574551386978,5.90914421766388,6.93217012302297,9.72523900308322,5.58792949832847,6.61602664467042,6.88121469844061,5.26285216500222,12.8379361617937,"Cancer"
"TCGA.BR.4201.01",5.49150190064496,8.75313634423352,8.76755111477873,9.75167878454117,5.68751197870244,8.00123833664513,8.20348547886069,10.3042382336254,5.84155671881506,5.3789752606882,9.47575964460524,5.87530699172798,7.87703320373203,8.18616616319948,5.42417760680122,6.41715909032985,9.09552705471839,5.12951874410274,9.51942034315151,"Cancer"
"TCGA.BR.4253.01",5.07527612802142,7.8692829409908,8.92708014040658,10.2579405738689,5.75534147412527,8.41601478946141,7.10429371413069,10.2714758117233,6.81749478470847,3.21343973454705,9.93787852044285,5.89695311850713,8.19287012471834,8.08698206204926,5.24382902474468,5.152107914781,4.8372052570652,4.89854113576645,13.2185321453104,"Cancer"
"TCGA.BR.4255.01",6.05058290528489,9.34130531749399,8.77202683882966,10.2150380173787,5.17789241068909,8.85115550966943,8.55101539352533,9.65773437783077,6.46793007766007,6.98670604665677,8.4239266031575,6.01775817257587,6.51549105023146,8.69593964674483,5.4069824066543,8.6043882634683,8.67262622396379,5.58179904542444,11.2670278975018,"Cancer"
"TCGA.BR.4256.01",5.73414969662551,9.23672516580223,8.84805523216617,10.1075767817501,5.85638408054244,7.83791607727185,8.37855405594684,9.83796693918111,6.23479184041442,6.30996186730154,9.46343190230195,5.89899958908584,7.82443396053953,8.01554513675091,5.57371653047411,6.9729521919714,8.71852461336575,5.23192201228508,12.3912779609815,"Cancer"
"TCGA.BR.4267.01",6.10987183697192,8.8267021154887,8.62610677003991,9.82614904090629,5.74943615012486,8.59838709873566,7.32587836657168,9.59550741432157,6.8528083794083,3.26779653555251,8.24614824891961,5.72686344587858,8.46392421724205,10.2089519190857,5.2213304482512,5.97319673571951,5.81673626319873,5.00200573948238,12.4911355879825,"Cancer"
"TCGA.BR.4279.01",5.65372427553357,8.58752884715086,8.71313783006871,9.64193095002132,5.83939830270655,7.59638081827354,9.63418495552628,9.85844738795405,6.29753246709923,6.96721288793951,9.02362967920215,5.77522896951509,7.307672326276,8.10388441326106,5.01338205545376,8.13595049649253,9.26166233020022,5.53418985573731,10.1280872420681,"Cancer"
"TCGA.BR.4294.01",5.94227428806101,7.47815115955123,8.7015552142448,8.84757465943333,5.65740235271899,9.14255397003208,6.93344167927007,9.66113568803869,6.10901760645162,9.84579139604666,8.46431651446385,5.67294442444224,9.05866910401977,6.60710583277622,5.19723378040735,7.63223262036162,7.65524505613497,5.03288278085228,5.55867729706033,"Cancer"
"TCGA.BR.4357.01",5.84776685355704,8.56351803217308,8.59055623142464,11.0006485822081,5.41286577137899,9.52818904158172,7.56731245493351,9.50977290624719,6.46719149424703,3.78422537010028,9.08245159706212,5.79522122956091,7.38873881522086,8.94030632386895,5.75879948070627,6.24810841042824,6.33781869264816,5.27788519693619,9.6950805511796,"Cancer"
"TCGA.BR.4361.01",5.56582855863696,8.26359963035726,8.88946347113689,10.5461612954929,5.7407246156401,8.03243821181351,8.01975561059716,10.3609760400559,6.55528052858081,3.98052917624761,9.5814548353415,5.59002505621826,7.54961126544098,8.74808764360555,5.14189593681295,6.65526201612476,7.32355904372828,5.15086032514036,10.0273632274374,"Cancer"
"TCGA.BR.4362.01",6.19071940270982,8.2139305838895,8.92135115447132,10.8477264922771,5.75969658328389,7.77264347132673,6.86608045193922,10.6700778931545,6.4931987505878,2.87839810985637,9.71190532440086,5.71943896205897,8.16035506329102,7.92672346993847,5.67852877545116,5.72660246941467,5.15443770725099,5.18748559660421,11.5657933489121,"Cancer"
"TCGA.BR.4363.01",5.47373401113755,8.4094633939911,8.91355519386183,10.6118087896068,5.90098007345467,8.49305311069125,7.81074076991901,9.18956620957653,6.73135076837295,3.82749639692773,9.3224335320309,5.79688942517557,7.28456964133182,8.56956418012199,5.05989932241971,6.46940359777742,7.54750885916089,5.29211167765145,11.0811259398506,"Cancer"
"TCGA.BR.4366.01",6.28416345428098,7.83915190061881,8.79838814490289,11.0890782688793,5.59747025375251,10.0776725680251,8.0831270444585,9.62773263927108,6.3996013319427,4.26534550175719,9.46400328469132,5.42770078280997,7.13973788613003,8.72644995546416,5.46884522819986,6.03563782298527,7.23258023465415,5.13593276315625,9.80774527255735,"Cancer"
"TCGA.BR.4367.01",5.48858368836178,8.39166991514855,8.19972338430813,10.0420809019173,5.59921855855832,8.68254576752459,8.75497048594278,9.6185039914604,6.43786097937237,4.08935439761266,8.8945087962615,5.65545555280346,9.10367063923653,8.37651694987524,5.14307323461926,8.21555420860927,6.51756400904398,5.42560216720431,12.2190599700376,"Cancer"
"TCGA.BR.4368.01",5.54930156559323,8.76981937707018,8.79248320089961,10.1554612146835,5.58482194100744,8.33688072595952,7.32934010108948,9.54297138513079,6.26731921270458,5.68449630227164,9.35076328598814,5.79793796579839,9.0451091118278,8.07914101401538,5.14511321071328,6.38283855211986,7.31425836301233,5.1390491696505,10.6297397194818,"Cancer"
"TCGA.BR.4369.01",6.36574107099467,8.12025091564268,8.46046727673625,10.7828452402965,5.48355218343727,9.65647677853516,9.15679160054095,10.4180909532928,6.91150467493279,4.38123630574807,7.47977305448506,5.50190263028093,7.32080956868401,6.77396906840793,5.50873064994248,7.50577521521552,7.03608726012507,5.1606238072887,10.382462411717,"Cancer"
"TCGA.BR.4370.01",5.61053009102277,8.88446578868924,8.68827264549799,9.02736623034326,5.73119304115024,8.17089662824823,8.43225792213245,9.35770469249858,6.13725945686912,5.75416265636995,8.87543246328448,6.02606762641063,9.13422564993341,8.87725283446492,5.20657447824718,7.15794973630857,8.15997109762944,4.98234519781879,11.1894977951952,"Cancer"
"TCGA.BR.4371.01",5.35809742598659,8.16061052126049,8.8023333833476,10.1369176121877,5.73803115165163,9.01065715041443,7.28117874122382,9.2344021100202,6.69705140504006,3.32488114412055,9.50514193931512,5.98260796072201,9.05142282866337,9.26530836261069,5.072806305986,5.32637030651506,5.49265418185181,5.55992610574497,10.5989756302413,"Cancer"
"TCGA.CG.4301.01",5.84376348898892,8.40537097721591,8.52677618527887,9.57703263089025,5.58311174662666,8.76484844190615,8.26992685786986,9.6903517183283,6.79056162598021,5.06799759734247,9.0158949956797,5.5361473875664,7.17575755249715,8.78971315499094,5.37547618844097,6.59631424002359,7.35651685705143,5.0010692658463,9.23605308737887,"Cancer"
"TCGA.CG.4304.01",5.9100905037528,8.17487131431366,8.74356630894239,9.42994084168937,5.78477673079504,8.68118640097764,8.05500558482832,9.63151331693781,6.75373931245988,3.28519814831843,8.50393503739885,5.83243804648221,8.31962831821288,8.49783043724243,5.16627221907436,7.12374529721002,6.35373983840006,5.31120981852316,9.44058451541981,"Cancer"
"TCGA.CG.4305.01",5.8935063466532,8.24896559235601,8.89596080079552,9.40365278595149,5.75470925563488,8.53009073108982,7.53158960748235,9.64954715295221,5.92877300121059,4.68454128601288,9.11530118012519,5.8404399926255,7.27456259301609,8.8751351147944,5.39164188317554,6.60523192855984,6.95516756975796,5.02848998495228,10.0610235275861,"Cancer"
"TCGA.CG.4306.01",5.35038724016954,8.38454209265859,8.944458370374,10.4528989409128,5.79547226350664,7.73645516405251,7.1431797281419,10.1331765049098,6.447245190185,4.55274631750929,9.06849590483522,5.57748383105038,8.09614695275782,8.69420580730204,5.37000992874984,6.63834836666157,6.32912489555439,5.13169973799982,11.4799432897958,"Cancer"
"TCGA.CG.4436.01",6.11923728269016,8.60655430763202,8.70486952209859,11.0307465812461,5.69005696818479,9.19637179367765,7.66347591226358,10.0106516871598,7.1678116265299,3.56345145745632,9.62068680435442,5.31923189647202,8.9001703872675,7.4422960828371,5.87933458247649,4.69604671754667,5.06011146160062,5.31791485784356,12.1478494660239,"Cancer"
"TCGA.CG.4438.01",5.77644423886462,8.54274075166224,8.33111327862034,10.8585544508588,5.55320699521305,9.60701856027709,7.81379946484743,9.83468822686166,7.43233885591057,4.1431621304331,8.33606178754921,5.4905107454209,8.78420053583187,8.17970396422839,5.55614709920869,5.89122588539934,5.89380252342896,4.98837656740223,12.398334610517,"Cancer"
"TCGA.CG.4440.01",6.14942583766671,8.57425120972134,8.62886100519335,11.6301517899172,5.34012282798596,9.38594786594268,6.4989855179323,10.4676121332378,6.86254255649322,3.12984511410576,9.04138151537223,5.61289582054473,7.75086667052908,7.4749417031244,5.70379337498022,5.51591177692477,6.4674142870682,4.81720733272902,9.55874870607401,"Cancer"
"TCGA.CG.4442.01",5.85062461715424,8.52295968221078,8.91641046706995,10.3356843309993,6.04061249377185,8.03299293854623,6.91446887623125,10.5906933080862,6.41559313633324,3.20403030591478,9.31576107517354,5.720285708811,8.55340631952909,8.62556345122173,5.39255699158829,5.71497036640384,5.87728828703931,5.32282827539832,7.81953288221778,"Cancer"
"TCGA.CG.4443.01",7.11814362764434,9.04264069841718,9.00665484515977,10.8624076122424,6.01601616887234,9.97224595520338,7.15116617477134,9.11703921136607,7.1128208401504,4.57490188428483,9.21981327499545,5.40080815973576,6.9225612562469,9.36504677333362,5.20409120757856,5.32575469341373,5.4895802170753,5.38455997061759,6.16594593471509,"Cancer"
"TCGA.CG.4444.01",6.1070889019445,8.26272398754273,8.64352716613072,10.3526166857335,5.63344078072252,9.23448693366005,7.39591260049453,9.51966215595557,6.7527623176196,4.15009042625723,9.12127323034107,5.81971541983503,6.95221028420457,8.7283905562244,5.31671518061342,7.23950584150824,6.6650360949593,5.29411639398833,10.6535332680859,"Cancer"
"TCGA.CG.4449.01",5.95788356262905,9.13198192683571,8.60021938961669,10.1976076067642,5.39947146334959,8.95524140295067,8.14059486243385,9.78731500843691,6.46632119353225,5.3224680481661,9.38602300978458,5.58901832008379,7.87079431440126,9.56611377263756,5.4165692823136,7.2764303121772,6.5926114070097,5.46923943336677,10.1154911849728,"Cancer"
"TCGA.CG.4462.01",5.48271067131677,8.60061316210957,8.53960128316651,9.03777072976047,5.52124579030684,8.06767697893785,8.80612791642408,8.86679628262225,6.70879489663129,7.19940315048184,8.80986438231318,6.2234292093674,6.13356206438105,8.30559039263799,5.22549472666426,9.33148805556878,9.90020135722601,5.88450122423778,9.30602352263428,"Cancer"
"TCGA.CG.4465.01",5.71364023339654,8.2615679359627,8.96241843615989,10.3179411377377,5.87036143205651,7.84183503410697,7.40254788112978,9.98096775145138,6.43259790564858,3.56245334865032,9.70520455982268,5.78602997997358,8.08982848182403,8.6602145999072,5.12181415579511,6.18705380180998,6.69049932036208,5.01661630639668,11.6617851768058,"Cancer"
"TCGA.CG.4466.01",5.7385605398107,8.36136634878109,8.75021396938166,11.1928427574124,5.77188640321943,9.38861636505894,8.66479320309265,10.6213499030861,7.25597345769465,3.97630217140592,9.09426949670323,5.12791959150677,8.29890759472179,8.91711761390314,5.53100255075049,7.0749695509346,5.60518411825568,5.06290546708185,9.97594741359447,"Cancer"
"TCGA.CG.4469.01",5.62329460705404,7.55378840683087,8.31163131629818,10.4349978344179,5.92626836395527,8.8850561138621,7.74375915482501,9.39862402108478,6.6564563798861,4.14608686870035,8.78396253037842,5.67485057335006,7.20100909170391,9.12797297393368,5.37590691173047,5.23298763886407,4.86141727685592,5.38526757260499,9.67237000812492,"Cancer"
"TCGA.CG.4472.01",5.49431954221015,8.84008326073545,8.35902054453717,10.0381193917778,5.46251020471679,8.4619742900781,8.04016100482177,8.80448314847274,6.85731638112256,7.46585679993584,8.0532843749544,5.79937968306612,7.73067795152712,8.5103829215714,5.16368773678088,7.21593112362274,7.74572104506306,5.13398788539944,11.1041444779553,"Cancer"
"TCGA.CG.4474.01",5.53559348934411,8.21081438333485,9.04597793318796,9.40049182547708,5.85280884615214,8.36720913584467,8.15419546022282,9.67171357759091,6.79216465584461,4.19702383341872,9.87220916873128,5.92653345721439,8.16837033765668,8.43418097685248,5.20554386303954,7.94813918059397,6.28727762601235,5.52408910303454,9.96530628976328,"Cancer"
"TCGA.CG.4475.01",6.28576234807164,8.82016840243475,8.43339212565429,11.0139272820564,5.49342093616382,8.94236835071955,7.9663278994824,9.43987857290055,7.26654749205683,4.35190045764876,8.09312518524724,5.67375466876559,6.12414562074331,8.48792611360702,5.55314061406469,6.85702750763666,7.00165759527133,4.8357551886318,7.48759813119681,"Cancer"
"TCGA.CG.4476.01",5.81004637144209,8.33513173427735,8.7062341809964,9.94255959765228,5.51975984585925,8.58266668391358,8.35652142064311,9.30683963580633,6.46136905487228,6.32265416070526,9.1469902633367,5.82353287885948,8.37902379259649,8.38598654203011,5.42465149979655,7.69303667065337,8.65438829487908,5.68825279204201,8.23497394592337,"Cancer"
"TCGA.CG.4477.01",5.83220696385025,8.35723735592936,8.61080646632971,10.5179278701895,5.67097186911136,8.66853348437155,7.21261408776697,10.3569446791543,6.85788949961043,5.30482450813321,8.90845841847646,5.88714873024623,7.99847637046825,9.08188905431233,5.50245208784296,6.49351756533468,6.67558385927385,5.15071996049517,12.7522856050235,"Cancer"
