"","ABCB6","ACTN1","ATP5F1A","CKS1B","COX18","DDX27","GASK1B","GMNN","KNOP1","MAMDC2","ME2","MOB3A","NFE2L3","PLPP2","RELL2","SLC24A3","SRPX","ST7L","UBD"
"TCGA.BR.6453.11",8.55417438144976,11.8906567423407,14.027901355997,9.2151588343181,8.6804963217939,10.301283768221,9.59844685767476,8.80896127472939,8.33877492685993,8.744268140715,10.8336559087896,10.1903297681736,9.08643830329741,10.8160122938047,3.89878290870626,7.24900580776282,9.21629802561891,8.21065515190829,9.75436442505341
"TCGA.BR.6454.11",9.46778172662348,13.3603169869981,13.6487693587407,8.6535073588119,8.12516280879574,10.121113629396,9.34854788840254,7.86314947267238,8.37900540386051,9.33275466564238,9.94975682938265,10.7837924804323,8.75860686095256,10.6621018182472,5.11294935138451,7.4713537940891,8.25579664742092,7.2175501137112,11.1731897484484
"TCGA.BR.6457.11",8.48760929025735,11.594757998226,14.1397121909803,8.40146706073571,8.72384160390537,10.1959139364119,9.63909642604343,7.89860361167674,7.97885123410892,8.59169715808052,10.7942664210734,10.3123396386114,8.82266505378356,10.550205215291,3.22631995385196,8.23352234716029,8.68161749835933,7.26731568507856,7.19340426365472
"TCGA.BR.6458.11",9.22523486596742,11.0474730804641,13.7654995166343,8.40247872155256,9.06710345058385,10.1222994394504,9.91299044390902,8.22630170653843,8.47262364890303,8.14647793341473,10.9239920975102,10.2246681430496,9.41296854478539,10.1167383167638,3.97643013932495,7.76634111147974,7.15291884376698,7.43676050633435,9.59047035399537
"TCGA.BR.6564.11",8.83295168331396,12.716749332474,13.8214562312592,8.6763318165345,8.35395929855988,10.1686233201214,10.2735707240327,8.07287670404106,8.15495859033671,8.89905995641467,10.5982748563159,10.5138378858712,8.50171652717115,10.3076768233817,3.99514539684516,7.90571470057378,9.34885761083063,7.69447671721379,10.0559945402347
"TCGA.BR.6802.11",9.34871653650632,9.86532828817465,14.2733620431086,11.0055428767298,9.29704191954515,8.7748724906393,9.81498145152725,10.737603158007,8.80084531520013,9.60034335660191,11.0560427062744,7.88308879771358,8.88827158797354,11.0237692811661,3.02622802641156,6.83764997549118,9.16834248645457,8.49923827573698,9.54901233606608
"TCGA.BR.6852.11",10.3329863672742,11.4984234335167,14.342123208091,9.87224658772833,9.49694779391174,9.89228969002937,9.35640744825194,9.5122186703755,8.72987468650805,6.63642737817936,10.6633740866024,10.0365767688719,9.142857186751,10.9318263600035,5.05530062722859,7.31323531274568,7.20291567789728,7.55272178431299,11.2195585938853
"TCGA.BR.7704.11",8.7407401141221,14.0485416781637,13.2533984040353,7.59157987894241,8.21870641223961,10.5563061384673,11.1242860488894,7.34187470772443,7.5289021920688,10.7043109613693,10.0543488630346,10.57330739848,8.39482411968512,9.49862887531946,4.02480864263663,7.96236863080907,10.4339849987814,8.49663038217855,9.97561854836091
"TCGA.BR.7715.11",8.56097631611599,11.5879832886484,13.73571984194,9.23338430535049,9.09445294269333,10.1344530714409,10.1492734580608,8.77114530540873,8.11626620697759,7.95112635956622,10.4827590171806,11.0081241427706,9.23224388887799,9.57909123456767,6.65546054346699,7.6270188872267,9.17303297619854,7.80889406113161,11.5260161263506
"TCGA.BR.7716.11",9.71343002764742,12.8444461175244,13.6078518542984,8.74278278541134,8.87896407102225,10.0529241854273,9.95100846517302,8.37610531993505,8.41151735534635,9.3015550196164,10.6763253387738,10.0745510684295,9.19634807574095,10.8289152229671,4.62460428571825,7.51591577070886,9.08293984974066,7.7923396196716,10.730996696098
"TCGA.BR.7717.11",8.88962143583331,12.4122794831487,13.84818808405,9.43575150290048,9.3074255582832,10.1971069556348,10.1538691060456,9.1655205259301,8.00972926585275,9.090867119691,10.4962520540796,10.8903330808362,8.78241826914204,9.74530635842005,5.7202731101211,7.08718708086836,8.86553479338988,7.97836658715322,12.0178326990133
"TCGA.BR.7851.11",8.73429006956689,10.8970301256452,14.1607935328993,8.79110535318546,8.73578936151369,10.3482100363264,9.75979242369814,8.18922410383134,8.0446709039056,8.06941901090937,11.0695947566998,9.78985494986543,9.08486773794165,10.7311694293714,5.34997837691759,6.65517747553802,8.75595070816262,8.12867558454777,10.2506648502573
"TCGA.CG.5720.11",9.19034319504748,11.3356715752101,14.0709656785748,9.27351884092053,8.54631882739641,10.4684301090678,8.89409919560474,8.13020333126444,8.5788206532521,7.3612489246509,10.3741176632839,10.3838039203009,8.51332370204092,11.1533939846128,4.42058304837114,7.26347401425225,8.11153712501276,7.15855635471846,10.8044513066917
"TCGA.CG.5721.11",9.71516444358991,11.1616264252622,14.1642905644321,9.60184609233838,8.84549767995831,10.2561782005083,9.46804355956466,9.22106453661628,8.96897509441753,7.72601935486291,10.2189511908911,10.1074813667162,8.51406054378202,10.6244476714461,3.37586734005458,6.9738523925245,8.82785286500747,7.48544335124733,9.81005847598708
"TCGA.CG.5722.11",9.44546121640773,13.0915323562053,13.4233712605942,8.59471327893043,8.31237044847352,10.2448598097829,9.756216148303,7.57691135458662,8.31350897585664,8.86281650870412,10.0590933545993,10.4292659876633,8.95520609562442,10.9226744631694,4.34472126569751,7.38651718554577,8.74178273015131,7.74738126845432,9.77075957089776
"TCGA.CG.5728.11",9.11056476738997,11.0103611198317,13.779865941679,9.45146569083165,8.96008078304694,10.2250854643963,9.08209862600053,8.37427829457366,8.61972989731739,7.11949059334856,10.154318410903,11.1459209773058,8.65730402648934,10.37866333018,5.56510014486198,7.4197715174457,8.5971867373428,7.11930292583432,11.604569849627
"TCGA.CG.5730.11",8.20340729004234,11.0709279026017,14.1284562776696,9.18677675722838,8.41511451924529,10.2353748562062,8.82581856877385,8.84120231023171,7.54837738743882,7.49382422105834,10.6720603027879,10.0660025575186,8.54535342401561,11.1679712656634,3.79992472364838,7.39355328465435,9.05829473133064,7.61459875673672,8.16792475194574
"TCGA.CG.5733.11",9.07699318134598,11.2806856578904,13.7961676707302,9.18305775713839,8.9338489523977,10.0431215657627,9.8159430812906,8.48601742024904,8.6332145638676,7.93635040066093,10.3998980859691,10.692764459459,8.89714623278955,11.1297822209144,4.54865671816286,8.02058598355256,8.74405527263246,7.20868222135812,10.6066792098969
"TCGA.CG.5734.11",9.2112905818881,10.5925158025344,14.0704937767677,8.79851802816594,8.10271112665484,10.8898783774619,9.12087255438454,8.24822141411168,8.30630707941707,7.87698202348762,10.9729918824034,10.0738420149096,8.79765883919647,11.3653109913874,4.04475313000404,7.06646115864412,9.17535119880505,7.80635643967802,8.93368753028971
"TCGA.FP.7735.11",8.63484829916945,15.4729204278311,13.9690170154773,7.66672090888084,8.27297543009403,10.3817520197496,10.8459664732731,6.4288262405989,6.97505485975002,11.3634540760674,10.0084688853064,10.9187251574487,6.02757337335385,4.6452609433777,3.3665916412914,8.6310654038888,10.1576668585709,8.51578907094283,6.6354709497385
"TCGA.FP.7829.11",8.49401539343429,15.0170991982279,13.755226065799,7.56987120605796,8.12842597676098,9.66145956327834,10.7278133747162,7.14663346179388,7.2148693860329,12.0342590178557,9.98977107286935,10.1731490482533,5.80800845758794,5.13241261572239,4.66316404914553,7.96236336115733,10.2629447183221,8.09215291201646,4.84241190563802
"TCGA.HU.8238.11",9.8616678668553,9.75520807829912,14.6053614435031,8.32456420521699,8.865359326557,10.6192652302356,8.45727913449634,8.05004630107756,7.63084699773159,6.68502784446613,11.379300845583,9.52113243559854,8.13775223246525,11.2122480245065,6.88200070902831,5.7968713457156,7.353047489657,7.14211032468394,9.03004253451
"TCGA.HU.A4G3.11",8.03159009791949,15.1480062274458,13.4717785386444,8.12233381339337,8.78598270834546,9.72367705558063,11.1116056865806,6.15950713097465,6.88254598939941,11.3617203245188,10.1296152313599,10.8459411824924,5.90975721353135,5.12393627261778,3.10394624273644,7.03143647509682,10.3623191555835,8.5128280898933,6.16391793509644
"TCGA.HU.A4GC.11",8.1191096122136,15.0266152130046,13.7337022109268,8.55752592205616,8.55094435682689,10.1039683730276,11.6156168351766,6.57626315832418,7.61772352341874,11.7902328480121,10.186138736667,11.0119440170941,6.12207395668796,6.29288911505081,4.04495218399979,7.69629370401679,10.3373982613536,8.47741733654799,6.32928663763681
"TCGA.HU.A4GH.11",8.28421651800988,14.9367290398338,13.4510380398764,8.5436992364315,8.60082937773991,10.1085434299227,11.4723993295557,6.06966795784764,7.00459431048864,11.4005218287491,10.057071546169,10.9670513210961,6.29124814120524,5.81886070787621,4.22079281313349,7.89428101243781,10.6827192957683,8.71766581767679,6.42119548928468
"TCGA.HU.A4GN.11",8.43391521126408,14.6378402188618,13.4437949230448,8.33876287132574,8.39318722414103,10.011276093738,10.6937944470247,6.64806725228212,7.00725649839151,10.8746054797099,9.85966564608798,10.915129715224,6.3306202248571,8.32626823154651,4.19549514571977,6.67721504347963,9.23372581590763,7.68646437111162,7.88256547796553
"TCGA.HU.A4GP.11",8.13779076002074,15.1643718332806,13.5000709630797,8.18882342689774,8.43765860262813,10.005552689122,11.1188926229151,6.76651526802669,7.10582585522581,10.9879897027036,10.1441217485653,11.0140763025093,6.26768702930135,6.83774552237307,3.28384639115175,8.00266015352838,10.4941257881628,8.53826471394966,6.04605854351203
"TCGA.HU.A4GY.11",8.52835983259384,15.1014055645568,13.5039098517687,8.54158194655903,8.93427404222075,10.0196869312274,11.2755546295139,6.54937633567068,7.85501034619209,11.3615626074271,10.1029145755882,10.9032848267275,6.0676813124457,6.62712447642477,3.75651540744612,8.04293869146758,10.7932528137302,8.43245978845173,7.07173352941431
"TCGA.HU.A4HB.11",8.1551158192042,15.1954419657122,13.4809876835953,8.30550167969642,8.3700858253239,9.77806492720853,11.1142993527836,6.32194954976713,6.79056250741616,10.9608206116832,10.0763982037413,10.836382135975,6.62643226212225,8.21150119892364,2.9021929606187,6.89225223513209,10.1670590946494,8.37778692701568,6.02713721406418
"TCGA.IN.7806.11",9.46079475550809,12.1795181693061,13.7512453038818,8.68583407016914,7.92254222931907,10.126757580593,7.188995109774,8.07261500682988,7.98788763492686,8.03341122039759,8.84350108804847,10.5573962178872,7.50288062221149,8.96029386576542,5.23150434977913,10.3321218137077,8.05624091860204,7.83758200018353,4.21620215175539
"TCGA.IN.8462.11",9.49760155115272,12.2133738249757,13.8725052786145,9.46404222336997,8.77572119727683,9.96595935532561,7.67523247208136,7.65622784311366,7.85891373603822,8.61203255332057,8.96560855745534,9.83733106552359,8.33915765530184,8.99400210010274,5.91922612553419,10.0789066473013,7.20493119306526,8.26800064681701,8.28568465610613
"TCGA.IN.8663.11",9.22017909020907,11.3355460289458,13.686195596508,9.64774180311134,8.27031595487775,9.77352726686025,7.0051469841331,8.34249957447482,7.80652450807963,7.78646069448045,8.6674925726392,9.19034054381099,7.21900641536899,8.10640425018074,4.81354581395407,10.8792645380859,6.97352453098715,8.06157659242745,6.17973539061735
"TCGA.IN.AB1V.11",9.56336190698365,13.0746802473749,13.5865247491251,8.73936698060536,7.69518931209882,9.88458539609982,8.88712585242874,7.42612484256641,7.70442293734825,9.27963836409696,9.45617615640256,10.0221114469255,7.67758381123384,7.80162237851914,5.48664525199706,10.2452641918776,8.58061057757327,8.43727617991203,5.15875032360272
"TCGA.IN.AB1X.11",9.19190963631547,11.8301288901006,13.7020852907737,9.16954287535005,8.10283956320914,10.0194644508786,8.52418885782861,7.92874978778071,7.97364703423812,8.61396779486332,8.74729332330814,10.1487676327489,8.11458102116543,7.61716324147604,6.3872721922288,10.9274867015827,9.21072056258749,8.45172209852014,5.07633577607
"TCGA.IP.7968.11",8.65465255319836,12.6892073526875,13.282138038734,9.28056981237436,8.57330122674683,9.77300765018195,9.93567964789279,7.85638008192652,7.22638401010415,8.84918690798457,8.56904905914237,10.0879490350617,7.88602518310305,10.6722236723486,6.43738773973077,10.5000221969577,9.18516347338133,7.28269287162756,7.73762244500443
"TCGA.3M.AB46.01",9.0560794255485,11.2471112338566,12.070665615373,11.6570825693128,7.76327504648487,11.6894247530657,9.86715766625662,10.3757432035879,9.93492883323656,2.81875906585692,9.06473939172261,9.26351173493762,10.9919988556877,11.2981854619967,4.76094501734282,8.41984059474495,6.15252619914485,7.800971631781,11.1109903837897
"TCGA.3M.AB47.01",7.47582802570316,12.2345468690002,13.7821984675265,9.62240255932917,9.09360584830004,10.2679341731004,11.7847172465264,8.04827505991345,8.52920617595004,5.17181389003067,11.1973395387695,10.1062662735243,8.89665744841657,10.7735544642288,4.086902542465,10.2203517651736,8.75796700932161,9.47588133123632,8.15239920216213
"TCGA.B7.5816.01",8.09092703015039,13.3173364151809,13.421641776068,9.9609129765571,8.32465902743975,10.2823188926799,10.996326389895,8.66561099655724,8.90979939853095,2.80572583078753,9.67980569205241,9.83792075903503,10.9260094846114,11.0353112614619,6.17747693109357,7.90619690491735,8.02150109783874,6.47373910142134,11.7972625221423
"TCGA.B7.5818.01",6.05189443287152,11.8902416338284,12.4160465938643,10.3067000877207,8.47104878295451,10.3413546001782,8.50653005816992,8.73584675528945,9.0180296864265,1.28491283822604,8.76167758439248,9.68861298872742,10.3139819212719,9.91367191500383,4.37352003614037,6.35834494240068,2.96102905816184,7.24773086735222,11.9000796676553
"TCGA.B7.A5TI.01",10.233257110939,11.7921618035538,12.895545261137,10.6237175144725,9.01387490229698,9.70050253331095,10.8131052176149,9.54344869289261,9.18450538673397,3.43805422179704,9.54599143193126,9.19744696130328,10.1433228108725,10.4259065706342,4.56627690949759,7.9828680604684,6.95935522800704,7.95979132377798,10.6873845259324
"TCGA.B7.A5TJ.01",9.89549074433598,12.9204412678398,12.9100876204043,10.3100831472143,8.56414194907337,11.6234700493274,11.1657645650331,8.97965113755152,9.69581011052605,4.14740748932761,9.61580840385229,9.01141873056669,10.684451281538,11.348113105363,7.61240945709821,7.56921872216776,5.25575363883594,7.743657840321,8.79259427874694
"TCGA.B7.A5TK.01",7.53904804200488,13.6707793796558,12.3908123726758,10.3871195259457,8.50607569692294,10.66007507442,10.6700771935675,8.33081544502279,8.54421811769582,7.22952351815834,10.2039535434872,10.450764220391,11.412182646101,10.1544551889054,4.8178788727526,8.17407272225507,7.3607495446043,7.44285458661271,15.8029551387481
"TCGA.B7.A5TN.01",7.83625139528334,12.7280097079249,12.5165458121435,9.82228006633719,7.95206317900427,11.2562821260879,11.4329623346166,8.97351060677848,9.58392159822708,3.60237640395424,9.46420358785519,9.6796710645019,10.3198768957328,11.196867690742,6.74377078030953,9.18818665058484,7.72786509212032,7.41975248557866,11.8908518568099
"TCGA.BR.4187.01",8.56945322215993,13.5251323020954,13.4093009253366,8.99665967462683,8.54784484809522,10.3884185948214,13.0227785624838,8.06112386180038,9.44467081626404,8.61231436982721,10.4738109235298,9.88691781014444,10.3725370751846,9.34739240012178,3.2039940630388,9.5914505739329,11.0860373976958,9.44033466987342,7.90545151235333
"TCGA.BR.4257.01",6.92685706290009,12.5307105939305,14.8737610721516,10.8294984285102,8.50481805588786,10.5164448540449,10.5056177742617,9.35217685114518,8.61162343802126,1.41440440030009,11.0664601717557,9.07513306600972,11.1619907137712,11.3135990228961,4.54885725016352,7.95901863445659,8.39650675036216,7.51132047302211,8.2239136661513
"TCGA.BR.4280.01",8.5509902367493,11.7951190904047,14.2246228402101,9.87032731984999,9.12306768715114,10.3650038489391,8.72927172411385,9.15997646052174,8.92393327735391,1.29914959800303,10.992865080368,9.19385513275106,11.3145998292243,11.106353350376,4.82285000084646,5.33156953151377,5.28977140120921,8.36612205659017,11.2464447064275
"TCGA.BR.4292.01",9.02459544679831,12.2583116952512,14.477257035081,10.2937942878856,8.86725072983791,9.47725533036757,9.07485478231862,9.59711530053586,9.00925248473115,2.46446277626701,11.1636555291699,9.13330931305718,11.1506552793702,11.32056298716,5.81286759628258,5.35255220002479,5.59852837863843,7.24121439898739,11.3124831616504
"TCGA.BR.6452.01",8.1964801570229,12.2018692260086,13.7366826048163,9.67089973690625,9.27194459266349,9.79783303669937,9.70687478137548,9.49440233669398,8.91768017610029,3.01516177901709,10.5244677733062,9.82637803217689,10.5611435634088,10.9464688530295,6.79644542649072,7.61703844630783,6.09454506764749,7.82191634168735,11.095387905696
"TCGA.BR.6453.01",9.21886370586482,11.7402637776993,13.7114348881092,9.53198208538501,8.22371504494802,11.0154556452117,10.7369310166911,8.36244250130602,9.11056801930223,6.45653197646727,9.81686638256559,11.1071471143034,9.50393125555478,10.7950297925309,5.18467640068286,8.80452453052305,10.4413210942143,8.91891925150483,10.5937477250693
"TCGA.BR.6454.01",9.88067156025691,11.7071360622755,12.8039042589856,9.89623647255141,8.43021141535596,11.8022168100161,9.95172582425112,9.34581002545931,8.90338804027172,4.05440112791296,9.39659202247847,9.89285140259896,11.2998165447493,11.174251495004,6.21706733668771,8.68127385524926,5.42918086043435,7.42245768596656,13.5640269176392
"TCGA.BR.6455.01",10.8338535858154,12.1931851172458,13.9520384054596,10.3432051711533,9.14283915032948,11.2243149842495,9.90995057702118,8.80880799834687,8.9606704781708,4.89042671418237,10.864073163432,9.60767056913015,10.5615841140901,11.2559821758824,4.69866099317835,7.23571706469886,6.51532490644523,7.70808559322244,11.8224432897965
"TCGA.BR.6456.01",9.8970585737206,13.1386406334694,12.4106418772257,10.0036806512982,7.96501920820404,11.1255738286844,11.0814550632587,8.30023600782751,8.5467073460229,7.25496157337782,9.64241765950273,10.1458971654534,12.3112308060351,11.3660551953212,7.99418666129084,9.34427425267878,8.50467738488185,7.80509463970026,9.3061697892755
"TCGA.BR.6457.01",9.35047801256904,14.2984018032391,12.9150266923901,9.05139619955202,7.96311818581551,10.6507961904117,11.6742035845164,7.36140301871034,8.7109888831439,8.78895868735491,9.30821937296584,10.7257973402987,10.3976532426166,10.8087987846588,5.88661329433329,9.50502846087948,10.1584818380592,8.4209810332166,11.9303965060563
"TCGA.BR.6458.01",9.1859417158401,12.6879118923177,13.4013674931077,9.94930183241669,8.2169538895196,11.4840446257554,10.8371728763904,8.8118551406176,9.21666462320608,4.07217623778875,9.82282843361266,9.74777778557471,11.3745272086734,10.5014940702285,6.50202893908342,8.02332142107419,7.95621017460432,8.65740167719547,10.0909926172974
"TCGA.BR.6563.01",8.00221779624979,12.5081594210362,13.2049432586974,8.91174558486725,8.73503918861347,10.352310455303,11.8859538394029,7.24194551666419,8.56072425631247,7.36781839863382,9.87614556717566,10.4138773213052,10.0246397092424,10.8697899662666,5.00277778965755,10.1282973621151,10.6657240334464,9.5044453126042,11.1585312068776
"TCGA.BR.6564.01",8.97945080033309,15.0524037782426,12.9243429034209,9.08636835920929,7.94388128101584,10.4091836420359,11.2849154872905,7.49953725443013,8.56604982541929,9.34482628738085,9.41754544000323,10.7415512653073,8.86925723116349,10.4379659685112,4.56012235460869,9.53554273378998,9.60487293786652,8.50725447848805,13.0606003423759
"TCGA.BR.6565.01",8.74979745606418,12.8215710253383,13.4645727559438,10.2435154439754,8.18134069259112,11.6894084921796,10.8302380822982,9.44816609911269,10.1174821156897,6.67752916654692,10.7457111336822,9.69567912224379,11.1175148808769,10.0342159946377,6.58053216292741,8.06095478577005,6.85932979544778,7.5798620268641,13.663705603795
"TCGA.BR.6566.01",8.4442628099696,12.1887638119387,13.7269982950018,10.3916166545674,8.73263877763089,10.1297774326873,10.1981434486047,9.11281123449221,9.38545922145858,1.72358884617359,10.4800619671839,9.87605870761838,10.9976484083619,11.1172375665805,5.53531660584497,8.65057034504937,7.52584909624606,7.13829114316513,13.6502973426612
"TCGA.BR.6705.01",9.18997515207788,13.6947219672322,13.0176389503317,10.1657432324602,8.05220125860398,10.4847506610523,11.7817672046145,7.57942935120559,9.19160815612746,7.35029586391868,9.93759760978595,10.5673160602069,9.59080069554657,9.647279504266,5.67636000371178,9.37627802376474,11.2326950779436,7.84761348945917,8.82421471964228
"TCGA.BR.6706.01",8.07718504638388,12.8973339316421,13.1690863134777,9.590540137425,8.68203493661962,11.0631309427939,10.8621511338931,7.99091565360574,9.10176553124814,7.64819107622532,10.2045016523569,10.4552358066477,11.2489263893067,10.7546881059263,5.3430166656657,9.29393288597862,8.08555352879609,7.84109361869235,13.7933865554991
"TCGA.BR.6707.01",9.46072451709,11.3577406109205,13.6678366301792,10.5856038493011,9.08735574024075,11.1127047180418,9.48798990638014,9.26567295423396,9.91034589432124,1.05900421141831,10.6180669058844,9.76778394269308,10.4593472349039,10.3140398480347,4.07296355272215,6.54220714959728,5.43295159365868,7.69269377785031,14.8521984869342
"TCGA.BR.6709.01",8.21588864466372,13.735435806656,12.4103282711697,9.67313613102902,7.9768247134663,10.2283408749389,10.2580877465527,9.76526459681229,8.83765975473127,6.38349113417185,9.39689046473397,10.4302569748242,9.01467175981185,7.61777550978344,5.44974725570975,5.82511464725887,8.32099089175732,7.51218621531169,11.8112571821364
"TCGA.BR.6801.01",9.05203779962243,13.8490740514482,13.2809817239225,9.39520459806318,8.69384941697095,11.2605716558335,9.76561685150756,7.82967549572089,8.89491248797886,6.91335782475663,9.73928791599711,9.82425677133243,11.9638310919211,11.5627796074004,7.49328998847364,8.1668973327644,6.95773673999589,7.70317830371538,10.8507390817222
"TCGA.BR.6802.01",6.84707309942062,12.600197130837,13.3843193625216,9.88800780701573,8.29054139599026,9.7078036393912,9.27092433053225,8.72192560562481,8.68609069351123,2.66163401041145,10.2138482906455,10.094034034577,11.0871186292442,11.3816054637314,6.05680667712985,6.99069144015881,5.68157214188513,7.5878812951459,13.626108479293
"TCGA.BR.6803.01",8.66748280886734,14.6747546771365,13.2722828513537,8.59024866138338,7.90660823135641,10.4895898725212,11.3324667078633,8.21714868824058,9.13602155923409,8.73669112260329,9.80953246793459,10.6013748934809,9.00294124955627,10.6492822688614,5.5020082254628,8.93534560654647,10.2110463920902,8.6151867478659,10.1028414075452
"TCGA.BR.6852.01",9.32540731610868,12.7223742166723,13.8188939218981,10.3875381685984,8.65154656338102,10.8088184915528,9.94698464954934,9.3107981267577,8.66887020312406,2.57716415082504,10.4304676267045,10.4336550601988,11.9644104714556,11.0151389380432,6.6934144863891,7.73067555010619,6.93980133699135,7.60924960025205,14.850354633992
"TCGA.BR.7196.01",7.47194770602851,13.1454219567588,12.7067178315592,8.95641750529898,8.29820766322904,10.7269508819002,11.1341029701246,7.97944687375167,8.56879397628006,7.99335800451946,9.67234503077304,10.0376552014459,10.3232582876179,9.95685673410368,5.22618830267312,9.74079515922144,9.06825743796636,8.50799816038719,12.1580806753154
"TCGA.BR.7197.01",8.84410437242922,13.3393501660777,12.8153741316286,11.3520946847116,9.48360026988091,11.5766578806688,10.2574844528787,9.3536696170518,9.0304546174083,5.71182253054518,9.62484705700511,9.01562262969964,10.5601418096984,10.11322063389,6.26367852060078,8.47409876291237,6.91012951401469,7.92042218410463,9.76899156786238
"TCGA.BR.7703.01",8.9610376218197,11.8569897882711,13.7409744130469,9.44827631898872,9.45174971587615,10.145022929668,8.06091945267334,9.35564095870082,9.0571621284381,1.89291929948242,10.6015616177424,9.72192101965453,11.2342989614746,11.6843873093556,6.38258268869564,6.84399029270995,6.0281659357423,7.42721347517055,9.609342206733
"TCGA.BR.7704.01",9.30030787613305,12.6660943641708,12.9079436286164,9.50202008117073,9.15074979049992,11.3945891215691,9.03002680334253,9.22106453661628,8.89887006822684,2.93351472044595,9.69707829558339,10.362198996361,11.8174621239858,11.6049067350027,6.93923646565716,6.35636688642902,5.91735962599595,8.09325826357323,15.4669874155449
"TCGA.BR.7707.01",9.28645235207806,13.257062278592,13.756870952094,10.378244082125,9.51982451127975,10.0948907299909,9.00975898403251,9.65516894236452,8.86211119674565,0.298378412613338,10.5833364225292,9.30933069659008,10.9769894710217,11.5213953946337,3.17226030259278,6.67487588497852,6.13319549765979,6.72222367233517,13.4541802046664
"TCGA.BR.7715.01",9.94146650577338,12.898049141962,13.1314664514142,10.3060342471932,9.42947197433585,11.3187205982016,11.0830798010618,9.13378094105757,9.06595670217338,5.37828055713982,10.3302016628903,9.86513653398774,10.571411401981,11.9283754917786,6.82545538114169,8.46279689462078,7.26554800261857,7.51844382363037,10.0886122841071
"TCGA.BR.7716.01",8.84798300301543,12.4251514207347,12.8704881718505,9.35545961648966,8.33579389062658,12.1414350699823,12.0251098572695,8.55126222209506,8.99337782512591,4.85811572212646,10.4630774783169,10.1078725890338,10.7483369659481,10.4123541747677,6.59902413356144,9.00693264066174,6.77637845049171,7.57066753512027,13.1925463654174
"TCGA.BR.7717.01",10.7012675381279,12.9955729208126,13.4463321007075,10.153462386769,7.84821991970141,11.5503555210457,10.4851207302078,9.04776534443928,9.32982114608465,6.06718360937856,10.5232234004897,9.59779317708829,10.0024560562694,11.366090623978,6.73242736215146,7.72123357940489,8.19908588052807,7.36516011451612,8.81493279047078
"TCGA.BR.7722.01",7.61356454266021,12.1311118849945,12.7871379963169,9.21991660857795,8.63137321541837,11.3326698302592,9.35760532506965,8.5549864059523,9.40260700350858,5.92287253500729,8.65781550254321,10.0133760416854,9.90852071109425,11.5529512099801,5.17590353541179,8.6301468879053,6.36323182518373,8.16285565579897,12.7313668844259
"TCGA.BR.7723.01",8.46752832633778,12.051382403007,12.5876447979819,10.6977585971229,7.70576995274611,11.3420926409998,9.75592046293541,9.63653823387312,9.32151778006064,3.70380485291512,8.98762136388213,9.13673540670308,11.1571691261386,9.05162614742249,5.74176141122287,5.87509692677262,6.99385495562483,7.0293322571265,10.2318564843623
"TCGA.BR.7851.01",8.91421401179747,12.6476305268297,13.610619307508,9.81983700619966,9.54039086263153,9.56842900095339,10.1224586227718,9.02052250596057,8.29898096703795,4.91488573803276,10.995178305877,9.98195641317354,10.2825741270246,10.4986436492216,4.52567765992586,7.58627945347322,7.18505290543072,7.82097165809324,8.47049846876936
"TCGA.BR.7901.01",8.97953965860254,13.270387878231,12.6215487857123,10.7759296357076,8.73692998079956,11.0596461296718,11.2993878454137,9.06776502674767,8.79145128312525,6.61112915801814,9.63913417447122,9.72744786068459,11.3189355539717,10.9583077728691,5.91438027081812,8.29707219300131,8.26449300265378,7.21915898896089,11.8069789717195
"TCGA.BR.7957.01",8.23749628877862,13.5781402468224,13.1726354861478,9.00370073081472,8.4328135077804,10.7487966563307,12.2102924551027,8.20367662934436,8.66944786792875,8.66446977548167,9.99474412517617,9.79837356116024,9.96323556537824,9.60977345219754,4.11681291572289,9.80215493379058,9.95046143686903,8.75861385031694,9.482491224288
"TCGA.BR.7958.01",7.69777974483809,12.2945272110352,12.8830063436496,10.2858916614468,8.70863278868111,10.6519315045089,10.3036423911975,8.46671686400695,8.75607124360399,4.6986677733052,9.94092725927389,10.2967385552271,11.2679297682991,10.9360942776686,3.97664630019197,7.85076409776297,5.58911769240125,7.45361468130795,15.0311157613679
"TCGA.BR.7959.01",8.81975899373169,13.5147642628488,12.7066804564725,9.35637196192469,8.58693457760383,10.9039704166619,11.6937558552371,7.79968561153432,8.07648787142196,7.51904881171713,9.8030728382245,9.73345021071716,10.9091770174191,10.363258645849,7.39512170179142,9.55787360272424,8.12629507288273,8.18502559945638,11.9056532186173
"TCGA.BR.8058.01",8.78884021072534,12.1924871345633,13.2857181958841,9.55834913698129,9.0482459148078,10.4918542324516,11.6053455898354,8.07292776146855,9.12777263352944,5.59607530435921,10.947042056804,10.5505350447305,10.8370518422737,10.6912552543732,6.41203783080813,9.66245484619034,6.58554891580559,8.44667169973468,12.5143797980537
"TCGA.BR.8059.01",9.44171399781377,13.5006566583314,12.9173970524685,9.41232053962899,10.3767223710604,10.669954093849,10.8246175863259,7.86210100238966,8.6528143248157,6.77946696418022,10.102664115901,10.0024936581672,10.4776071427996,10.925809382727,5.5402141616305,8.76167348270515,8.22022481725972,8.20171385403973,8.2106894459033
"TCGA.BR.8060.01",9.9104099971192,12.5640525393367,12.3350965596326,11.1759847366686,9.10662687272968,10.9372455669215,10.7081982215925,9.6433877914917,9.3242675259038,8.41376824312028,9.91730810818465,10.0907308710428,10.2162822203278,4.59393611376602,6.9548323951639,7.82783823481208,8.09279457546396,7.93013468431464,9.00890636635892
"TCGA.BR.8077.01",9.55684438197243,11.8388957051631,13.0800685251976,10.7776216433454,8.73613900198189,11.8438427649057,12.0869900069968,9.60520701816437,10.0992433907489,2.83185882381564,9.86470904989612,9.77157514290384,11.4802680529298,10.7005412511677,5.35381112369198,6.84451644404196,5.64158887146548,8.06243433968953,14.655392856123
"TCGA.BR.8078.01",6.28306800564691,12.2700993431906,13.3496823614321,9.93278511670957,8.91303551753132,10.0106584404678,10.4729091458366,9.24125281702702,8.51944678073598,2.85554583770939,10.3254314329618,9.88289450875368,11.1795593619815,11.2029499765526,3.73841355709748,6.7571365114955,6.29347029861289,7.22126086517115,12.9838828589076
"TCGA.BR.8080.01",8.45071799065791,13.4990561316886,12.8107101836443,9.77235816047062,8.75587528246235,10.60638154083,11.5855843786264,8.06277657727265,8.79793943477092,7.1390980815758,9.7592671164425,10.1975465213584,9.34953625684227,9.99958263727726,6.89170731793504,10.1212818603679,8.08591644561793,8.29731519931484,9.75580158946512
"TCGA.BR.8081.01",8.34366200206081,12.2041647268872,13.7242470599004,10.4149396635563,9.16177149591538,10.084928410788,10.6102881854214,9.05743540866586,7.83868447688752,4.13643897709427,10.7273018481207,10.2075060513502,10.467405806539,10.1692538644285,4.99219170238067,7.900537300458,8.35643577849264,7.95835490504559,14.2729881385125
"TCGA.BR.8284.01",9.39086343012965,12.7858237314658,13.8287010324984,10.2658975667176,9.60161731889837,10.3250074701221,11.1898186750685,8.98008340057168,8.94374206741329,5.89324653057567,11.0808165704738,10.1695304931432,10.976283702834,11.1105102698871,5.37605665482466,8.88662641140905,6.63503729767954,8.31004947081898,10.9670790647256
"TCGA.BR.8286.01",9.60174513568782,12.029463364103,12.9018815507274,11.0189467736617,9.00283264393911,10.590482100793,10.7107092490764,10.4758082252683,8.93945385482993,5.12836602437437,10.004953777263,9.26131527870761,11.6448769482908,10.4431762380926,4.98646599645523,7.45853669724452,6.69963360629844,8.70833949881755,13.144848036188
"TCGA.BR.8289.01",10.630950202728,12.9382940843202,12.281887199425,10.9552218808328,8.50108185356038,11.5169092035013,10.24605556064,8.65953801786786,9.93773337797319,6.03670595464389,10.0169998066661,10.0023884519636,8.51653738074743,10.7042774139551,5.73134773473584,8.27720136178927,8.5008342429108,7.92823249997175,6.37348985364022
"TCGA.BR.8291.01",8.81708328476916,12.2293025782204,12.6502729564156,9.21262117869314,8.49274740182318,10.522408907517,12.6391970735226,7.98714122909362,8.4080251566498,7.58915305007578,9.79453611646877,9.98249875807015,10.8405627044837,10.11254502818,6.51631488699074,10.3156957997458,10.1731681898896,10.1393731992576,12.0670552774568
"TCGA.BR.8295.01",9.978961982284,11.8653779812357,15.2225113926057,11.5919619098256,8.25768175620876,11.5962755990712,8.7510757428546,10.6949473458357,9.78710808597663,2.16711206892196,11.5204665084702,9.08105308249371,11.790291077813,7.19417216479033,5.52172940076805,6.43152834158791,6.30227548773779,7.8234780067472,8.481423603234
"TCGA.BR.8296.01",9.80355190900656,12.4110672290801,13.0276221213303,10.4037255613287,8.74687212123175,11.185502673488,10.656157469745,8.4783088799398,8.78028701140675,4.59198051579293,10.251191139081,10.4624623479391,10.8853390607663,11.1801475894544,7.00479654823228,8.48574179019432,6.63546434443991,8.23324455316649,12.572529768819
"TCGA.BR.8297.01",8.59552105817755,14.9069987082134,12.6635652031578,10.0816239778401,8.52096502053399,10.4527788659473,11.4060171945938,8.27054783745071,8.09131863199909,9.44456534032782,10.4679385500558,10.4564139453304,10.0174202198684,9.8322428142809,4.44319242649112,8.68217639768836,8.98513412404209,8.6874667808476,10.4236813788513
"TCGA.BR.8361.01",10.0203409195523,11.2907115694604,14.1306866389423,10.5269583157664,8.93586501216111,9.92670249252884,8.98466147676107,8.48365733123022,8.06145361497681,2.36482734911429,10.8869800401048,9.21212585717786,11.4332355717836,10.830566773094,7.84575029655553,6.52968689769385,5.31986854854341,8.01176206957853,13.1049585287682
"TCGA.BR.8362.01",8.37605184447503,13.1945429874974,13.6615870293276,9.64062627418577,8.66912578293749,10.1023033329238,11.9018506745286,8.13665375311374,8.62388499563015,6.48791763410133,10.9547367718474,9.73458013372049,12.6773200544648,10.528445075578,7.14327651949359,7.51624604170387,8.56728984280213,8.58130648955764,11.6560778833425
"TCGA.BR.8363.01",9.33396211126565,12.4993063305925,13.6280001794316,10.5379953728455,9.27620273520579,10.3872695365547,10.3821399173919,9.50478643557754,7.82468550161748,5.47809464185724,10.3191277282424,10.4866938537331,11.0611895515233,8.00160918876868,4.79702378192089,7.16558887370169,6.53717022591389,7.77582940430982,13.1930817784754
"TCGA.BR.8364.01",8.0997493240217,13.9695875150545,12.24698329074,8.62613776521581,8.4715462028333,10.1811949281964,12.6455778393846,7.74298391796783,8.16994409949244,9.05095524767861,9.50198906224966,10.4798650724051,9.93990551620477,9.55408635502952,5.33332873921963,8.97330338086625,9.93301485443161,8.95289545503764,11.6776319098155
"TCGA.BR.8365.01",8.29303558877752,14.4397628672007,12.9486185731989,9.19014744260949,8.75209515437194,9.75036467404794,11.9544914891154,7.78167211104893,7.74253900929987,9.87333545979877,9.95670225529263,10.656457983207,8.18502571595054,9.50844426077871,5.13028966515592,8.86091359595512,9.61370919499626,8.8061799698577,10.4348332144095
"TCGA.BR.8366.01",6.93589219211622,13.2965372159918,12.5293485634474,10.1007188841847,8.79369863324127,10.2819882283869,10.909636047452,8.36299588997177,8.49449177911658,4.93085423558848,10.0090267892842,10.5388857057762,11.4172092216224,10.9757599279717,5.05019943075046,8.94516974276531,7.25139952392974,8.00572814108303,14.2738285081345
"TCGA.BR.8367.01",8.77718328254857,13.3326374682485,13.2863477185377,8.98261625946438,9.33329344383879,10.2836551536633,11.453028397835,7.87234623584423,8.96378535301321,9.07859154072952,10.735619673705,9.78919445667646,9.26680163200239,10.3823913556777,4.5102570956467,8.14178485092501,8.47657023017392,9.07503323914693,7.99823118582825
"TCGA.BR.8368.01",8.74726223196874,11.6179492468212,14.1133927047468,10.3376832107694,9.64549522320884,10.7280067338232,9.46313333316799,9.20839920128176,8.88078987844835,2.74137732338107,10.3102239445344,10.1475471923623,10.559029048324,11.5664007091567,4.34402811176082,5.61690053209252,6.25509938641478,8.03545604921525,9.74052397970481
"TCGA.BR.8369.01",8.75149231126736,13.8209481933308,12.6320008890291,9.93004907232771,8.76941939709259,11.3005813243349,10.6069585730543,7.9958857832926,9.50591162684999,7.84593067429589,10.0662033028533,9.99651102656253,9.71518167923734,11.0515342544021,5.60547085579091,7.65058669664868,9.20667739738814,8.13236335797731,8.45122269374163
"TCGA.BR.8371.01",8.54098023106054,14.9998445325155,13.3127923062172,8.45643904676456,8.74265164587894,10.4330247726963,9.79428903114682,6.73341245808751,8.32062551397585,10.618017636958,9.7731143669246,11.1432675035492,8.08113776183805,9.04313980777843,4.63013503401394,7.99969010851125,9.20521889408209,8.69520802331535,9.92353375942222
"TCGA.BR.8372.01",6.96657609075489,11.480870015562,14.7264423233333,11.4338600882861,10.1629080609331,9.58941355786377,9.70674220060518,9.96017271199357,9.23632751650014,4.75758210201544,11.3830359452726,9.85891330444155,11.2526888583164,10.263843224788,4.36539097220129,6.60881422883383,5.42931751504464,7.90520308352575,13.6375110913126
"TCGA.BR.8373.01",10.1958209529573,12.4530131133739,12.7061103659084,8.95843702114936,7.78901017742125,10.9938301486113,12.3252964477756,8.05341408922601,7.94427585822145,5.88275220540768,10.093059480679,9.37565025707901,10.3992113806018,8.58557050611502,6.43978216514415,8.55520676681627,7.01320337555099,8.69230248747336,10.7676605628491
"TCGA.BR.8380.01",8.15585353776609,14.8944634525493,13.4691425537986,8.68250134724784,9.38791792394679,10.1367462636494,11.657393683496,7.5099741616558,8.32697090132702,9.7743090117526,9.76220718161493,10.431436144767,9.08868535804184,9.11910671236917,4.59537134910802,9.09384328399211,8.46240760252146,8.46474972625374,8.22787406238363
"TCGA.BR.8381.01",6.5859451386034,11.9704309587701,13.4669560051736,10.7077277919225,9.54160209399234,10.9667145208312,10.7690803935325,8.60255902945459,8.96321903080196,3.2374221882234,10.7384190420258,10.3535439719077,11.5777708520895,10.7414675299398,5.08309986070906,8.44902723386724,6.69876383028986,8.18895842499389,13.8446745723647
"TCGA.BR.8382.01",8.27673528938327,12.8955846530521,13.5253455474613,10.1059940649196,9.40135841944193,9.77676553549664,10.2948945902976,8.6586410216024,8.40275339144751,4.18573688638424,10.5240531012864,9.72407050041101,10.7972966999619,10.0985274570272,3.55190190447286,8.17889249903571,7.92257736775575,8.02229098525238,14.5792825548335
"TCGA.BR.8384.01",8.01599613375762,14.8769008571583,12.6846420268699,8.32683230639238,8.76588193297025,10.011810254816,11.9863554837957,6.71345148166659,8.15749631301585,10.01121361546,9.93188395856353,10.6608584232422,9.11238490488883,8.97938663148473,3.47810193026145,8.97615596212417,10.2534404694205,8.97657326040726,9.32318585425737
"TCGA.BR.8483.01",9.24183034625917,12.1469737132633,13.3194149712237,10.4161425948873,8.52084219867237,12.2330429289252,11.6702646166699,9.13974632176083,9.81654660776962,4.42220731254242,8.80068764348757,9.60322601593443,10.8027954996062,11.7856192512296,6.76553578992969,6.6037422435575,6.36938329491188,8.11160245708813,10.3209108279303
"TCGA.BR.8484.01",8.08301472547,11.85889410191,14.0468104029537,9.85032308055127,8.61200207513204,11.2337715968904,10.9267465679284,8.88721242300917,9.26743708529665,4.41256816680015,10.9742899985309,9.55541957564319,11.2909312807374,11.2046604314717,5.6004299402097,8.46542804637348,6.39211858886955,8.1093719751224,13.3496150353037
"TCGA.BR.8485.01",9.68833817410498,12.2919160185656,13.6173648739532,10.3373167709434,8.96873154052923,11.9316060927571,11.3089597850732,8.59175340498972,9.33592802420406,5.75687617001675,10.5319115506219,9.46499042598129,10.6717171240286,8.26349547750231,6.7048201429487,8.37004702889847,7.35993283814437,8.18124711225089,10.7402564645697
"TCGA.BR.8486.01",9.41208457426189,12.5021535441806,12.9014543722539,10.313670493752,8.4547941446592,10.3688132056644,10.9186313434157,8.30373721419742,9.42418166110336,4.78679043052402,10.2081200357772,9.61475349620484,9.77892473216231,9.79593329013445,6.47724612653991,7.99156440353452,6.32373395668212,7.86631566436961,9.84256280783108
"TCGA.BR.8487.01",9.15050739925662,11.8757974125575,13.7521615504026,11.0776977984406,9.58611560595703,9.62025730832752,10.0885498219423,8.99386135886257,7.51483479132071,0.827238138811967,10.8380846126152,9.44482132588058,11.9923665269912,10.1119898306387,5.10203090429202,6.45069826890216,6.27406651796369,7.43501780860123,11.9358118984037
"TCGA.BR.8588.01",9.00047338046386,12.8602225099954,13.4854078297826,10.5788537890893,9.28305459217559,10.1764937895424,10.8484184896405,8.53810049242678,8.78804531614175,6.72673606575959,10.443648299909,9.86173834420088,10.3016517827388,11.062094996885,4.72879448145901,7.58885538404018,8.22724702836715,7.87458366089605,10.0149846901201
"TCGA.BR.8589.01",8.60921836349844,11.0846683930976,12.7298193903855,10.6926359503353,9.1655713717249,11.3388479598586,9.6955102972382,8.95826163430597,8.8724112848097,1.91914825208401,10.1322103056135,9.79459146999088,11.3229275920373,11.2320720670033,5.18536986833873,4.20230752477402,3.33126378273236,7.49875144452848,14.3851095032853
"TCGA.BR.8590.01",8.7863236912645,13.4058599811756,13.0840135483031,9.52508212317944,8.87712551793322,11.2691489103943,11.9339453732438,7.96295624628292,8.84913252203404,7.94748496295316,10.3856027040225,10.0089840605775,10.3487173428287,9.18000825373285,5.95338641262556,9.1357929933306,7.87968342981863,7.94085255546276,10.5692989386247
"TCGA.BR.8591.01",8.56426927787075,12.3605858293213,13.6607802103829,10.0816391968097,9.27130351607674,9.61198584907517,10.3048669031542,8.87167501782043,8.72492192052904,4.85132507160437,10.4605473125645,9.3937712051052,10.8029394771907,11.2273881143733,5.59496599201866,7.11401862659461,6.57083487570777,7.55717762175144,12.2833054342167
"TCGA.BR.8592.01",8.25647557398317,14.7512243174387,13.0021299954015,8.52618688326914,8.77205111061747,10.1385340460052,11.93850878567,7.04494079063482,8.24304510695872,9.56991383470745,9.99061876092207,10.6542499297536,8.69952350596965,9.07190269946429,4.91142398745334,9.15021513564115,9.76117872022063,8.94828594686329,7.9023855784343
"TCGA.BR.8676.01",10.6354006997596,11.4931186932964,13.8798855875526,10.1682051809465,9.64798384197035,11.3280327346419,8.4651143019116,9.9981107180652,9.96828156954979,1.87822137138142,10.9438602477138,9.51640039441007,9.98625698789377,10.3649919292106,2.38971479907853,2.52681347012959,4.09819361363943,6.87724103579737,11.435273473053
"TCGA.BR.8677.01",8.62028930380766,12.1940163150291,12.2962235326659,9.97685279248871,8.93489941865735,11.2154511047605,11.140925219974,8.59281313604277,8.3462513653002,6.32317554595808,9.54290938285324,9.82171508405845,11.4239098931424,10.2998132084895,5.49262037524402,7.53511056943647,9.67996238854382,8.04151463508476,15.0411517366169
"TCGA.BR.8678.01",8.52874935226803,12.3435412223915,13.2134472095426,10.4960173718986,8.79350855808558,10.8731297545477,10.5162673886995,9.99335059355424,9.53171249453214,8.28724226968791,9.8056708657443,9.33798850598556,10.0561249945059,11.0576706522006,6.40630815861526,6.13628166656152,5.27201602485267,9.34999674620889,12.6340758723694
"TCGA.BR.8679.01",9.11917358425155,12.6759982563054,13.0052481915961,10.2625266435168,8.07257126632684,11.6458773173087,11.4492843508798,9.32789293761374,8.82786079930477,5.79046290785402,10.0717437545012,9.26056625517338,11.0413479175239,11.1862490280196,6.6693494813895,8.46460609436104,6.89748143597054,8.16494636449278,12.54979521888
"TCGA.BR.8680.01",8.58826170064315,12.3760761579605,13.5208461080693,10.8942059066357,8.98398589250008,10.6536550284904,9.63564165764394,8.57305390277998,9.41913853402106,0.89645903085086,9.5866402242965,9.39354391964042,11.6904468941131,10.9884932663551,6.75285136505214,5.98019113115392,5.75943520451551,7.83744611375871,6.86960599668086
"TCGA.BR.8682.01",9.09622122581571,13.3305241887241,12.8867610559081,8.44917901925575,8.75900727631066,10.868301660956,11.0734356516565,6.65563137507326,8.6078290681917,9.11021910682675,10.2612073455409,9.96744211223837,9.62829471967679,9.7589021744727,5.94451800971198,7.89368428426934,9.21108105019846,8.63527820774078,11.4533458873226
"TCGA.BR.8683.01",8.25005323320061,13.090841849131,12.4989922996783,9.56191552916993,8.24474195007112,11.4378919227115,12.0648741874741,7.93500615282577,8.41467983578429,6.45304426534433,9.10779528892976,9.76533704265611,10.6781859760072,9.50342251734401,6.88020891153942,8.17880632975685,7.08645057353779,8.40203629034531,9.69421314656562
"TCGA.BR.8686.01",7.67235492966322,12.3196617793377,12.0782592857152,9.5062953249348,8.38782715747963,10.9484225727723,11.3051195407394,8.29096561572054,8.87746506451378,8.24987154397346,9.30031746477136,9.90753267051021,10.1202905509521,7.25359742831622,5.43995787045502,7.09625372606713,8.32790698664219,8.4744383605347,12.7873624919587
"TCGA.BR.8687.01",8.87706745314227,12.0348998658708,13.4480657908354,9.56053480292178,9.36639354588288,10.8114905749206,9.84760778039379,8.4601490899984,9.31930469107953,5.48974756912894,10.6840391913726,9.16267250200604,10.5758391950612,10.6912875729427,5.35013660003127,7.88646535052887,6.92750184234107,7.54372696523806,8.47607069323733
"TCGA.BR.8690.01",8.3104454225087,12.7371119902053,12.2085241929387,10.2613127937659,8.61739632535897,12.1396746847631,10.1267973675411,8.85893250586298,10.1943281047203,5.34928832661629,9.92711958552576,9.58577778712242,11.166421076607,9.94764630397068,5.44399049950224,7.92303829696614,7.27893316643501,7.14812154348792,15.5088707078414
"TCGA.BR.A44T.01",8.14426149608667,14.2904316973737,12.9289665313398,9.18316769360215,8.7575622370379,10.6186049844545,10.4313790790145,7.5516332410659,9.07962154670085,8.93675939909591,9.96339852572778,11.698487796132,9.54928437641793,9.62388394606711,6.43622291064572,6.41733634185642,8.66398137189522,8.28722284293681,11.4823472722921
"TCGA.BR.A44U.01",9.7113872993376,12.7252041262501,11.8138915203075,10.4344903383876,8.9858635021452,10.9914052296546,10.7183679790176,8.5543557098209,9.43486446566001,2.92878849349467,9.60745745082687,9.64658478138936,11.9462792755396,11.4495528642968,5.74490023195868,7.65229933540279,6.60250214912851,7.68755159226881,12.3011639196007
"TCGA.BR.A452.01",9.83329081051296,12.4418929340509,12.7611751899792,11.6376428862735,8.29060404067214,11.6471002360972,8.79228475403274,9.88504403499748,9.82354581314307,7.44242800013018,8.8028127779658,9.60256682612353,10.903856598352,10.9750499520246,7.35678639812835,7.15254944837055,5.17500725626232,7.98433170308035,11.4985207396664
"TCGA.BR.A453.01",8.45119091354817,15.2516367897395,13.5457833353451,9.06355262927635,8.63656751370135,9.7422002491622,11.0767342648291,7.8601792913439,7.78352845795195,9.5339998194874,10.1422793073606,10.9551150305391,7.75279991493217,7.71291204855016,4.47113543526737,8.2925566330554,12.0076850563043,8.48938742563728,8.07204585330469
"TCGA.BR.A4CR.01",7.73060642509366,12.120949609212,13.282723161387,9.7330973156321,7.46436120098819,10.5830323108538,8.89334662051994,10.3380693646224,8.35426261367951,2.69622272460265,10.3180587941488,9.54869907402303,9.69188269013871,7.76787904335692,5.25329791395634,7.16151866693792,5.27023940928552,8.91509603579473,7.99991430249647
"TCGA.BR.A4CS.01",10.1863081346319,11.8943630040229,16.0181428902834,9.88270475687726,9.03471455295849,11.5959922588316,12.5448030707823,9.21137667964921,9.13740158088442,3.8149558109744,8.98476427450559,8.87997702527241,7.12411873462542,11.3367481184804,6.7657838151776,7.31265673748483,7.35801426065349,7.55949993904878,8.23736935600573
"TCGA.BR.A4IU.01",8.30258016343813,14.7176330007405,13.0035834569706,9.24951409312019,8.65483529999482,10.3662521478412,11.5541625600887,7.31873453960608,8.71763805646328,9.37902445028298,10.0219376232424,10.8087936646667,9.33005615798825,10.149006041798,4.86101721463346,9.26139824603196,10.0232207290893,9.10911871923797,9.11532338255337
"TCGA.BR.A4IV.01",8.4135980501197,15.1104355205671,13.1776306037526,8.27280917837404,8.58696008307613,10.0976283575079,12.267616988052,7.35990777554707,8.40570530370884,9.56669627933614,9.90312134534144,10.5089213670385,8.65649812350985,7.92417127435077,5.24448500975454,9.05341521256462,9.94327444709584,8.84171757723538,10.1688701473374
"TCGA.BR.A4IY.01",8.202252449668,13.5805827169546,12.304734399318,10.4625280046896,8.74673970456246,11.1545738597226,11.2647997444369,8.78629587498308,8.35896198963377,3.94133951088967,9.36302242801477,9.97607534576034,9.82682759048123,9.71952384061128,6.54789695181739,7.8947173512697,8.37855172250915,7.26150355572191,11.7713785745642
"TCGA.BR.A4IZ.01",9.1280077966392,12.7347083458023,13.0400356171722,8.66731427989595,8.69231861559253,9.75598636025482,12.5865708114212,8.02323339506443,8.32590498023139,9.55155748778542,9.58215900931236,10.570317797508,9.79592042074332,8.90313186143569,4.57491341817047,8.51209781184904,11.7140923352525,8.96077153463878,11.3412388181689
"TCGA.BR.A4J1.01",9.44883360047794,11.4929418004729,14.4104736092229,11.5377457810136,8.33248739520977,11.977244651465,10.1991466922122,9.9783143870993,9.73730924760011,4.90897355374178,11.0414534324747,9.10522651532296,11.2699285385937,6.9839873701025,7.65265847442354,6.78870669582781,6.74495881992012,7.67436179480636,11.0379176384677
"TCGA.BR.A4J2.01",9.05983446583874,13.4708066258158,12.9219141819207,9.43927453313272,8.60091526395288,10.5007403915014,11.6605476061853,8.20669294469231,8.47780967281939,7.79404592166188,9.88120797267779,10.9635564501802,9.67057767709889,10.3045217298791,6.15320432518261,8.58042725514423,9.32173792252393,8.63548338245975,9.6057744314538
"TCGA.BR.A4J4.01",7.01705333118712,13.2203430565145,13.0902726736671,9.32434234400953,8.81953107976424,10.6426559156676,9.80403212217813,9.21269513682108,8.89734707546578,4.17709051298019,10.4919346934547,9.6830225794163,10.5283276139768,10.0597750025098,2.64678855836908,6.84371570365172,5.58158530063144,7.59006065425201,12.7253710116234
"TCGA.BR.A4J5.01",8.68654678547762,14.1289583828949,13.1633739809344,9.74554708109082,8.83888158508758,10.3820337636002,11.5698165041214,7.95822362859564,9.37868393872366,7.51238128044464,9.62785597751297,10.3395995099109,8.73409741681993,10.0648229351471,6.14479633710925,10.2849183886845,8.20568744527514,8.75227888320103,8.78514916821289
"TCGA.BR.A4J6.01",9.13876239922032,11.619095396927,12.4712616266468,9.86538093453659,8.53285579709674,10.5303470273599,9.72036641423773,8.80019071478143,9.08782430935105,6.96689992553258,8.87746757621933,9.17280785668094,9.31132190008101,10.4796265461803,5.35809151741621,8.84950248403333,7.21908098978925,8.14804393251193,7.74513687856973
"TCGA.BR.A4J7.01",8.15335135977177,14.1538508517437,12.8979450915267,9.05237886005409,8.71327631907343,10.3949614400306,11.5001848835759,7.77583424206811,9.12746795972791,9.01551375249007,9.44150579223963,10.7093056163253,11.3155974285924,9.73619688086019,4.68006996150998,9.56608221060877,8.5948723377147,8.64247766311769,12.8500179820364
"TCGA.BR.A4J8.01",8.20542079983455,12.9605386505704,12.4325659734645,10.2271873716622,8.0017654644735,11.6792201442255,11.3442829702126,10.2093023804236,9.75395523588071,7.89612356769592,9.33109060890852,9.77075181601764,11.2839460812458,11.7927986938683,6.96580967587136,8.18591385125919,8.37007961521015,8.42643824386636,14.5169055484578
"TCGA.BR.A4J9.01",8.01484846686699,15.6766607948652,13.2761016227291,8.62196310270097,8.45994494844869,10.1700038340565,11.8256197788243,6.67022325951338,8.29534806747327,9.62835200416895,10.1649546831126,10.853076423564,8.9884212450661,9.45478245158504,4.2186642474122,8.39214176568179,9.26915232592398,8.43048667957212,10.7963445856928
"TCGA.BR.A4PD.01",9.69706999287867,11.7991340275651,13.1945444267122,10.082854305558,8.45173851130645,11.8931013517594,9.63605409639801,9.28882140136213,9.55233468584859,5.47389853144246,10.4268708780103,9.49950375064413,11.5037061840978,10.9019970916777,6.60644899163712,7.67664345630125,5.63494360594331,7.15929040493263,12.6670071028341
"TCGA.BR.A4PE.01",9.82150358139342,12.6560681537282,13.0296204522445,10.8861028708837,9.00708967437249,10.8962607866294,11.1933775875735,10.120502629715,9.01420229786937,1.04510756668933,10.0741450601175,9.85708181506659,11.3162561785626,11.2948287375572,6.55551409612522,6.97656823140306,6.26951536973142,7.2606930520367,14.0248458575825
"TCGA.BR.A4PF.01",9.34996377960072,11.4295945249791,14.6791143343489,10.1551627732822,8.82342892779407,10.823987444087,11.2128201478726,9.18009275554008,8.86199763075717,1.29755857638325,11.5599923390247,9.04435421107462,10.8234317291433,9.02573397111311,7.30338117498106,6.88668749798596,3.61896593125372,7.82338080959617,13.6536280184139
"TCGA.BR.A4QI.01",8.33549272345144,12.3117926255505,12.1598314988027,9.81211834157181,8.38841264760755,11.1864401118793,11.8546646061117,8.81284522427704,7.99796894590555,4.04626356983245,9.55732634264107,10.1914991817669,11.0880433024723,11.5806815063241,5.30961649704703,6.92497019164863,6.4466546553456,8.12505722212605,14.3349673650206
"TCGA.BR.A4QL.01",8.91921616822241,11.7136336792374,14.2068845854549,10.0608608960547,9.53585552162662,10.4987992826368,8.24160871662306,9.45360520147092,9.56429543264742,1.65994640639238,10.6167939781905,9.41368614567139,11.4213470019701,11.4108584557789,2.62859425274617,6.29062305437512,6.24375438452898,7.95764657793239,11.4763291734194
"TCGA.BR.A4QM.01",8.40408242490667,11.5276091903588,13.7701254120098,9.41562351039908,9.28368417487344,11.4628217977409,9.47835392835271,8.10257832851264,10.3566484725919,3.40318366163201,10.283562398449,9.72071718907059,11.4470822227302,10.6607490572399,3.32643809271413,8.24356970472664,6.30676785787699,8.13174938349531,13.7599422749518
"TCGA.CD.5798.01",7.95043433229351,14.5086427099379,13.1564901036894,8.93281675351032,8.21528503873678,9.99702901919743,11.5172127048479,8.07508328437653,8.54840914579491,8.5793221775526,10.0176930429007,10.4371489465512,10.141729966698,11.1291978323048,4.45460377243593,9.61796868838697,8.82307152668602,7.85060714055036,13.0258413973225
"TCGA.CD.5799.01",10.2207391268474,12.8073795132774,13.264731208011,10.0964584452411,8.51759698428257,10.9767428404236,9.73304219319899,10.0497155744759,9.0971318018279,1.4726039341504,9.78621983502096,9.7144795604941,10.4285775227328,11.0388587952887,6.60167249032814,7.21612182335637,6.39557423321602,7.49155153994923,12.6333131970835
"TCGA.CD.5800.01",10.6410196488597,11.7909490660381,12.741885045307,11.3733009819111,8.29431401678038,11.7379832522056,10.3133648619626,10.101001906562,9.87568025503827,2.63452622780001,8.85577069187157,9.09380528098046,9.96336742070831,10.3282210924636,7.19213382712923,7.42585299775509,6.53830807608521,7.65681460215919,9.1562507089775
"TCGA.CD.5801.01",7.96328283050769,11.9027279727036,12.6276449006916,10.0688711743461,8.77099181697689,10.9230062167363,10.262662238083,8.24666631310357,9.62965341713101,2.21328204244415,9.61584197924631,9.94010249757691,11.549661944143,11.3681187320441,4.99115168274697,7.56982756814137,3.94733519563628,7.83100515776131,14.2383198486155
"TCGA.CD.5803.01",8.0701294186413,13.3509423436521,12.8319714919147,9.36710677867059,7.61331997360637,10.920339096148,11.4789581907473,8.89295360279796,8.17303704828421,8.28651709990538,9.37704342950759,10.7402690843548,11.4229348778638,11.0589674456284,5.23636206043581,9.6384057472295,8.1616104396712,8.82422963425537,14.9974120398613
"TCGA.CD.5804.01",9.88417830811397,13.4115075864997,12.5790547375726,9.38802591952613,8.50695485472432,11.9203991374165,10.4788039141636,9.03083632300758,10.0518650112786,6.15094453034587,9.24155006889496,9.83909942344839,9.2184325260942,10.8721582567903,7.24449120055951,7.39184834096866,7.52554441428996,7.27079175710767,12.645844446576
"TCGA.CD.5813.01",9.07185776394991,12.4552392815598,12.6520046871181,9.87132689034826,7.96947912313014,10.8163037721944,11.4536919773188,8.39310994709036,8.84687911227497,5.29448909778953,9.14281534064192,10.5255622982154,9.38429201158329,9.25673253943267,6.64391443394881,8.95222623018788,10.0718829125582,8.90559200539113,10.763406478417
"TCGA.CD.8524.01",10.4198551753136,13.0357860227214,12.5114840189519,10.8076972783727,8.71311741303828,11.7418668132767,11.7797284757703,8.48532706200283,9.80964577478468,5.32609450424427,9.86170056805229,9.71337662758731,10.4352694318691,11.405071866317,6.22090922671646,8.60303601323299,10.50454165275,7.86532742154098,11.2339411791946
"TCGA.CD.8525.01",9.13654368757524,12.716749332474,12.5840514740866,10.2433691971387,8.714294772495,12.3691110234757,10.0223876554976,8.73684204413706,9.75988261560632,4.60755611765529,9.44078746911018,9.98243653128356,10.2456775652764,10.7331800016049,6.46108843008481,7.11707032581392,7.50471885615769,7.74144457928552,14.227917427955
"TCGA.CD.8526.01",9.64884188651524,12.3475178179897,12.2242007976064,11.6778879999653,8.45351895293576,12.2437499436416,10.9255712625639,9.77149337566641,9.51623184415053,4.59973798766109,9.51721418422544,10.391617239873,12.2341136849665,10.7288018471746,6.59016100014544,8.16847870932879,7.40558490667067,8.05021310889833,11.3937806863874
"TCGA.CD.8527.01",10.403607504632,12.4761816876696,12.7175314200019,10.400903026074,8.61386081525619,11.7596948283298,9.786880803516,9.40859966955261,9.38196269793518,4.11084163645122,10.1035568590631,9.55780792662454,8.95935787876865,10.7504291221927,8.23347684383896,7.15967228964712,6.52303614703803,6.38655227123393,13.6836172389818
"TCGA.CD.8528.01",9.58764672667287,12.7559772113015,13.0825861336916,10.3675000599457,10.0204111897407,10.9740220315698,10.1811397472412,9.20181303041547,9.94506947282728,0.121869529985948,10.7411640189701,9.35012386783777,9.98742000943102,10.6980504515698,5.90545403381056,7.95538023114448,6.1756003401922,6.84042136111551,6.57479053066731
"TCGA.CD.8529.01",9.31120768322143,12.7880290870924,12.9352882916107,9.76480475360399,8.62818914014723,10.2433852133207,11.1910343077726,8.72944764069064,9.2445660939229,6.17704462697502,9.60004261401999,10.122483474328,9.59499536256848,10.0100109885213,7.72479304250543,8.87502303033702,7.19199046493529,8.03422151155436,12.5149592288428
"TCGA.CD.8530.01",9.84018828913397,13.2626620026216,12.9689105436102,9.72344392679023,8.52377638262571,11.149846480434,11.9683011060894,8.13305878290377,9.06217050697765,6.68615677744691,10.383650053248,10.1889976366816,10.5504894202581,10.7741038443328,5.55060821075494,10.2608799078004,8.78070354367738,9.03454506276765,9.4095764386692
"TCGA.CD.8531.01",7.663113166811,10.9762033773494,13.680547007838,9.83682963915388,9.41665372500895,10.8514348275675,9.50007111265627,8.4939519521065,8.09058215774975,1.96025697819129,10.5583415580356,14.2225528304762,6.69082350587775,3.76613354631605,7.13735455472222,7.45258421960951,5.07205288039216,6.22921673361931,7.05599923019584
"TCGA.CD.8532.01",9.07558921289315,11.9377802218582,12.7695127622782,9.83833690930029,8.70709413367574,11.3365377219097,10.3803719875549,8.65947426869932,9.13881778085858,5.02858575768025,9.45889096410352,10.2040566204693,11.4974715239428,11.0692503032321,7.32338778016003,8.30662160398055,5.24959732198896,8.06955283165235,12.9049807547047
"TCGA.CD.8533.01",11.5139355772252,12.1001148095449,11.7268186264259,10.4314915806542,9.41917149303437,11.2104132773489,10.5571542452674,9.60433740614339,8.89378530872077,3.99097911561689,8.35284145361475,8.83036824646423,9.48270837910357,7.95338175009634,7.13078037846816,8.27666748238226,6.12284767246451,8.18189835948777,9.21504333148039
"TCGA.CD.8534.01",8.45875864980456,12.5264665394716,12.6159244173063,9.88010168846194,8.31078374929403,10.4740796331131,10.0834136945168,8.93174412331837,9.36549788055632,7.27368871928798,9.61658959557078,9.81385323776869,11.4021772757456,10.4394290504396,5.52291399282265,8.08089081518775,8.22465375331559,8.20959246738032,12.3406253310368
"TCGA.CD.8535.01",9.49929726355165,12.5170435277108,12.8680923219476,11.2023556976037,9.04070485138958,11.5317504625118,9.67573969361158,8.69962977858574,7.87834120221132,4.75594170400665,10.5315637335199,9.15017065570682,10.6341879862429,10.6977770056051,8.2297136628222,4.81696884998252,6.43998264643698,8.06111600871527,8.82526988468286
"TCGA.CD.8536.01",8.84116999325425,12.2266382091486,13.8316173592199,10.7912263413165,10.0931982765645,10.2646272897302,10.1168792694376,9.87497125535978,7.68930097718417,1.75016354618366,10.466551342509,8.9729915839618,11.5604925025771,11.7737948434062,3.68725644586302,7.63486257760014,6.51769865490359,7.24548801597592,9.19139533220468
"TCGA.CD.A486.01",10.5990672857724,12.2745967376017,13.0088270683029,10.1917187962037,8.97382776483489,11.3753240737214,10.0162832893077,9.43333376603355,9.75778592856803,3.70032439447826,8.5070287665855,9.33054904480074,10.7691371153131,11.2337261710433,8.4268225299073,7.62897219264631,6.29046610450728,7.97094760645072,12.2478910001022
"TCGA.CD.A487.01",7.87044691263409,13.3597879699196,13.1552901428586,10.8767595598439,8.26803340551498,12.029838765315,9.9690914114559,9.38911464039543,9.64775073200776,7.47066654238624,9.37421510414773,9.76204732669642,9.8847790454705,10.5284722102715,3.76818853055773,8.19092368368912,7.73013707343755,7.47513728024003,11.0146489047691
"TCGA.CD.A489.01",7.84910699825243,14.4068419071674,12.9190781846853,10.0125348292145,8.54439720772493,10.4218974648365,11.6126941836809,7.23249161102556,8.78202569241622,9.72119750604967,9.79951640872505,10.3609960218635,9.53832222994577,10.3340493752956,5.65136220698297,9.06387514245317,7.92539099737432,8.40873205963746,10.8475703170277
"TCGA.CD.A48A.01",9.80103667063112,13.1903093392174,12.9056390770296,10.6263021015395,8.43722858549043,11.9788865286483,8.87015994593378,8.88181629588994,9.2695042372804,6.90343726814285,7.60479784938962,9.75911336443926,10.7197428342057,10.8181005165341,6.73718662786903,8.54222125128634,5.31096172170811,8.09297844763265,11.8309304968038
"TCGA.CD.A48C.01",8.61901137315104,12.468628901697,12.9172086436054,11.3811900863642,8.134406800579,11.7091708986303,10.8064342501012,9.7810764945268,9.11627096811996,3.6571669363135,9.88951346250416,9.48971782789211,10.6727277679273,10.9035601340533,6.02534197619155,6.9632430974027,7.57727667006964,7.92223858837284,11.4302393013969
"TCGA.CD.A4MG.01",8.53842836230426,12.4023387677591,13.7310831809665,10.9881518043573,9.27789110387091,10.3256493006583,10.7552417997527,9.00688444114714,8.51524646675442,4.02821515697886,9.99077176289537,9.56172818278657,10.7235328127262,10.5690853015989,8.25196216198276,7.5048801351599,6.80916908803954,7.69196745830187,8.21527433009381
"TCGA.CD.A4MH.01",10.6564053822939,12.0172068304036,13.0695882610145,10.8175314514477,8.4117547303441,11.416694412913,11.0737981434611,10.2905622741671,9.14096287848744,3.22541528421866,10.0994805848421,9.26662934816481,10.9780699784079,5.69581245878565,7.83572841315217,7.72152004350896,6.48848905027153,7.86398832831518,10.9731557625955
"TCGA.CD.A4MI.01",8.65660852650907,14.1224694251689,13.0832100515959,9.20888817175567,9.12900765927609,10.3758630760903,11.7192276789084,8.04839840396654,8.85424838101869,7.82042089166295,10.0271340449658,10.3915837675321,10.8284909119368,10.5120532218012,5.82753134489739,8.88559864680861,7.64247872090167,7.78856072339032,13.9976727617755
"TCGA.CD.A4MJ.01",8.26667112703299,13.3009989982757,13.5169774851548,10.5224524694964,8.03981441268826,10.559856461748,10.1806257933475,9.26991884702767,8.76782992887857,2.86482165594787,10.3762814632854,9.4780251413529,11.1297002381168,11.3853658572054,3.39358312592509,8.34559802535621,6.68454931910881,7.58470726990141,11.9187738459104
"TCGA.CG.4437.01",8.972401329991,12.4367102678081,13.0405917209781,10.6870699808048,8.50315931653009,10.9063788297604,9.65593210897051,9.53078215107573,8.91204996079986,4.6955822139522,10.2442082856558,9.86361220009924,10.9828101354778,12.9327305052,8.25927592426385,8.02958677501407,7.4143695070336,6.94222751654235,13.1877320616306
"TCGA.CG.4441.01",9.06624820221699,12.1901208883301,13.8539087108942,9.95330182807724,9.0274255477728,10.9707431377008,10.9260020754084,9.13304041800273,9.16656406600294,2.60917491952081,10.1180247573642,9.2764945549622,9.95664413529031,11.3343080939561,5.40061397338771,9.01475907697188,6.20836686048947,7.93118565396977,11.2666042741731
"TCGA.CG.5717.01",9.2423897029576,12.0890875377444,13.3424560037009,8.86079891563313,7.92153126757558,10.3080353006236,9.59280321918083,7.86429306049377,8.37617325208844,7.08114873236886,9.18672447696468,9.98961036139929,8.32893677223453,9.58425713766511,5.4761262314526,10.402556777208,7.59567253518181,8.03747347704654,9.36410285581996
"TCGA.CG.5718.01",10.6574878504455,12.9755848772823,13.4407271797117,10.5768306956374,8.25697018944991,10.9111650346625,9.56436911834635,8.58972081810895,9.24376439819642,3.32535237952216,9.58241987197719,9.53812992044648,9.16860093172199,10.3426552970282,6.56654928693016,6.44288047125131,5.04107748867898,7.75037355736884,13.1470924976919
"TCGA.CG.5719.01",9.28942890788928,13.2220419153698,13.0398279501253,9.59097590448974,8.37886886192721,10.7462246630552,10.9787526355149,8.47248097144661,9.38057598237373,6.57102113719831,9.21239968624535,10.3087848746128,10.1662038316136,11.4657406757215,5.63628883370977,7.74247615988652,7.71467915478569,7.58472076217511,12.6181166935867
"TCGA.CG.5720.01",8.94223233380673,12.3952446398872,14.0910531587034,9.4931796957266,9.09141401761701,10.6008245427563,10.3041817536728,8.93866363845001,9.30517148007989,4.97033857593907,10.1362484711541,9.94713416806873,10.4154544036143,11.2979997713032,3.58749628821411,7.55811770018387,7.25641475908015,7.25852948295416,10.2608394189474
"TCGA.CG.5721.01",7.99625150479718,12.9526771206236,13.5449229993736,9.75464617687513,8.23405834800189,9.70039925465958,9.37051932544139,8.96541644864134,8.51973116647534,3.81906995101715,10.2469897179492,10.2686850673845,11.1622944169317,9.98765795332384,5.54436367472785,5.96631532582766,5.71562017493289,7.68982393906501,15.4224029692459
"TCGA.CG.5722.01",7.88779083804707,11.8108058416072,12.9160211015409,10.0299891461447,9.02034508535049,10.8757711890048,10.0162558567198,9.18415761275914,9.17471134524575,5.05924607275283,9.74170959090316,11.0174163432206,10.8926313784061,12.1464358118558,4.23065772271715,8.10437100414537,7.22297272562235,7.46138075129124,13.0715906806185
"TCGA.CG.5723.01",9.85197676081828,12.4920429292324,13.6732960587803,11.332675649398,8.53550666798093,10.1690774183927,9.53587624789676,9.89656407910304,8.57260205622785,5.14662439306195,10.133095620178,9.89835555465316,9.99550092293916,11.2086850191688,7.25963968341189,5.48925924483974,8.71488774394047,7.53536700312294,13.2660300070069
"TCGA.CG.5724.01",9.14746964944204,13.1835494121815,12.8504508657531,10.968338085488,8.73767457645234,11.3583029452413,9.64763091659862,9.64491910404355,8.7902342969322,1.36111621942545,9.69149915321271,10.0382967436267,11.9280260309772,11.8759664664443,6.59744974695715,7.41215272888441,9.44595035914776,7.60400036173422,13.0356328500894
"TCGA.CG.5725.01",10.1663656182923,11.4887059781392,13.4428584564712,10.9829157468958,9.26183516743951,11.4941895145202,8.39123281998567,9.63292158002413,10.0338813395665,5.48798633159607,9.59273835387265,9.05657916245158,8.90581521759513,10.5247681249746,6.70180246968531,5.9382039646157,4.38191518994341,8.12326553266486,10.5883803796947
"TCGA.CG.5726.01",9.77122196144742,11.8185905276733,14.2006281793288,10.1433471806048,8.74616880418614,10.3721263438948,7.15804989876876,9.67144778846439,9.32656561470727,4.34735269641899,10.1221887237654,9.26152628377855,11.4945695485943,12.0867545093254,5.7986499552434,5.19386200952844,6.37853361811641,7.37139934800128,8.87854470550081
"TCGA.CG.5732.01",11.1149132566397,11.7786828389791,13.671821064789,9.72316347097828,8.94118620407728,12.2608379608854,8.94905256795523,8.1198865387112,9.0936201122118,5.1749519814434,10.4177870595504,9.65708187071961,9.48930597697242,11.2425088203548,7.2060839736049,6.82438656016094,6.71445749582346,7.46127787008513,11.4707330296282
"TCGA.CG.5734.01",9.1983216952079,12.0139911783551,13.2228990856829,11.0707566028078,8.42715450107948,10.6960116971021,9.92445639228113,8.09225658054019,8.14437067230695,5.77121839247155,10.1001898565406,10.4446793761313,10.2590243482846,11.158096039005,5.20768831872725,6.74147547131067,6.57053954863677,7.14696150877838,13.4435913103797
"TCGA.D7.5577.01",9.21688967753838,12.4445770883985,12.8806174053142,10.3375000024907,8.24184196834585,11.0238886500383,10.5437424529315,9.10823798254405,8.91724575980451,1.80775946668436,9.88900839674984,9.74089980779745,10.814419723771,11.60564426341,5.1950852181662,6.84837663727938,4.43129914329838,7.62517889900702,14.7680527762613
"TCGA.D7.5578.01",8.97871827737703,12.6161969369618,13.8447532797987,10.7633063937653,8.80894654659002,11.6047270341742,10.443303178518,8.61393803213154,9.09450004468559,5.31986775862282,10.3627678225975,9.75016064411693,10.9820473704516,11.1332181677169,5.92002669717187,8.62298432399226,7.14775203465525,8.20159508282876,12.1986020389553
"TCGA.D7.6518.01",8.67049612338724,13.9001365597086,12.7159013869989,8.82430976260994,8.12448820250531,10.8713055824218,11.3338376122344,7.88565456446834,8.48287373244262,8.83221268830885,9.29723361991526,10.7293295897018,10.1680723863725,10.2153696893152,6.14085743958401,9.9713959029392,8.89180762108147,8.58076879063561,11.5625816800588
"TCGA.D7.6519.01",9.21263374097547,12.4223105160174,12.6242785723715,10.8875726144882,8.95542177630578,11.1645908224472,9.55317025381624,8.22102998068696,9.72161947207559,4.52144392265088,8.98325316174545,10.6303485007444,10.7708353520295,13.098792457288,5.65798182741892,6.89456271471371,7.04486775816913,6.52030030625388,9.80566978713372
"TCGA.D7.6520.01",10.5811271796515,12.4802759345511,13.633925026914,9.76794814437439,8.3011894229971,10.9519242503326,11.5893186381447,8.48922994808766,9.48453629461248,4.92632597073684,10.2583261249676,9.661752446248,10.5629849739123,10.9716744481595,8.58704599456749,8.15307126284903,8.1108091198257,7.67422865185544,12.6493424568144
"TCGA.D7.6521.01",8.23944234076324,12.5179506697606,12.5675794876155,9.47942400894202,7.85424253667144,10.6956015679529,11.5767341291887,8.18516170779485,9.59002142018106,5.17283657315664,9.85810531354986,10.2075364727361,9.75874309049635,11.2044170140054,6.14295941259654,8.94371319176623,7.99360245048595,7.53821245972326,9.46018415933126
"TCGA.D7.6522.01",8.35807767925103,12.4121200342402,13.5871373307173,9.34807674544106,8.45140793600713,10.4854251324856,11.0652189492889,8.35635166080335,8.56012936661566,6.50050583812252,9.9852416367645,11.3634760594549,10.2770610315414,9.97921193223613,5.70877633164802,9.61689952785369,10.2557944080662,8.78980780042257,13.0930948096223
"TCGA.D7.6524.01",8.32764285045583,13.15992830461,13.4073609401597,8.69087114265214,8.50486665476044,10.2553728912964,11.2698708552778,8.04015667895357,8.90082268377599,5.77242506406224,9.9250271351324,10.3152999706612,10.0748051692624,10.9324690625126,5.88551214338967,10.2370113858753,7.64846986875217,9.21340007572584,12.450434981519
"TCGA.D7.6525.01",10.2965078400156,12.6940401308627,11.5706288668955,10.4963599157644,7.93622143760281,11.5434629379298,8.91241865353255,9.24506138922169,9.37751057758399,5.11700864106857,8.3659417223328,9.42677247010291,10.4373877182566,11.2765651423626,6.58418108555301,8.43935245517965,7.10848894095266,7.61217158577903,10.3692799609891
"TCGA.D7.6526.01",9.51671586381585,12.6575144790893,12.1890102408741,10.6064998102288,8.56029146667986,11.6927598398176,11.0100703352945,9.0646231912238,10.289127836716,4.67409845947506,9.88351703637587,9.38870897102042,10.3352302468594,10.4597199710322,7.78625991597442,7.40107629096772,7.12633917854192,7.10182560815819,8.76448552662551
"TCGA.D7.6527.01",10.1646552989693,11.9522078362043,13.5466431585702,10.1954876454572,7.81299518026246,10.7896504545253,9.76270267141152,8.76237459215884,9.58379248651759,6.85950923818588,9.7626207943678,9.62991725991662,9.79553060504589,11.6704541872986,5.7842333184736,8.52035016462097,6.95936623214276,8.07178792600118,9.70588737802011
"TCGA.D7.6528.01",8.45875425367567,13.2836612449355,13.5744247221425,10.885525451129,6.95919195999122,11.7485521495637,10.169444912385,7.83407286746303,9.12058505506004,1.69222862057391,11.0031288316244,9.68311009628093,10.3014959389099,12.229334190243,8.39800472530261,7.16451743290346,5.07238665008444,7.64330058101014,8.02143385959491
"TCGA.D7.6815.01",9.43327328641301,12.741306640097,12.764323888459,9.89315920113984,7.98883557796645,11.2092418015535,9.94324971608157,8.14930529406361,8.98605205037718,2.42797546188037,9.95427817548125,9.2152444326079,10.508460639986,9.788050370451,6.8682967797905,8.33326731028505,5.08940787618608,8.33767378902481,10.2206538247001
"TCGA.D7.6817.01",9.52142935224994,12.8066453955125,13.7829002976149,9.59784254781227,9.05401804142106,11.2397431942373,9.58720574520792,9.2480518479917,9.85343174712273,5.20064934110849,10.9385863293975,9.84359894991505,10.4804798661271,11.0766424906455,5.86442898663125,7.66016958388344,6.42499390869183,7.19684060944241,11.1932727909927
"TCGA.D7.6818.01",9.51735760103723,12.9467611712485,13.0282528162855,10.1720430254448,7.61978675695444,10.1722272876861,10.5943714786208,9.56410065421792,8.99889626475188,4.50780571751748,9.78790047645816,10.4704136916571,9.60193157867153,10.3814101760349,6.49201302495781,8.21425556212647,7.55674618957242,7.03489323061006,12.0760106967104
"TCGA.D7.6820.01",11.4446324245983,12.6095390768812,14.1641204506151,9.47124545037481,7.84798155592253,11.3855643066795,9.50639334992017,9.00712493698632,9.21483381438682,3.17602164341959,10.1543814530862,9.87600128724198,10.1842873149428,12.0592992873344,7.46276558018631,4.33166417691575,4.09713782524432,8.01938895988031,11.5533018696165
"TCGA.D7.6822.01",9.32776801507667,13.5626415361068,12.18402087781,11.2758452831017,8.55969897122056,10.8132824831752,9.43213596890796,9.09265009663938,7.73914220811061,4.85063479270912,8.83551290251535,9.47290890505161,10.033088760038,11.4909823900942,6.27294594765725,8.95931173986622,4.79516343264947,8.43003240738822,12.9465188361627
"TCGA.D7.8570.01",8.25313871393314,12.5873714741228,13.3184634550565,10.0427760892046,9.32504136397754,10.9252265911584,11.2610251945656,9.05840595089684,9.77131715784493,2.78195822826806,10.1204471307201,10.4607787515097,11.4518268396252,10.1958998862638,5.70531272979289,6.97531540264398,5.88822613523743,6.55245965263134,14.3245418503416
"TCGA.D7.8572.01",9.2979828627469,12.82157582755,13.305660052069,9.10882140917085,8.99884293822731,11.4868854069332,11.2586965848179,9.26918374982052,9.72921177126948,6.04216851625438,10.0694276025207,10.2513630726731,10.5607329288297,9.42323155333361,5.93367062749178,8.86504030250075,7.32659807933271,7.98335458077912,11.2536106018369
"TCGA.D7.8573.01",9.93700814799297,12.8186883728227,12.9747341771457,10.3385702480672,8.5780105779632,11.7200052646542,9.074356861919,9.01961222463182,9.4076342346896,2.38301383083759,10.1090643928112,9.60817764728174,9.93233176145666,10.7175242826812,2.81589311426678,5.89133143497358,3.06455121980926,7.52654396648875,12.6259406516086
"TCGA.D7.8574.01",8.56801940700712,12.1549108561757,12.4224100599842,8.42237811200317,9.13848470423189,10.2527811402301,11.6768655402023,7.13983771735918,8.09018469290479,7.35984913929511,9.7148876776747,11.221003394381,10.5742324640448,9.72026365629089,5.72321689662065,9.6409512543094,10.8438485520793,9.40588452184714,10.1902598499023
"TCGA.D7.8575.01",7.27924164314423,12.2079342944348,12.0153498651431,9.1309193336754,8.33714105790677,10.5282756773276,10.3714246317149,8.65734342916068,8.45562880657913,6.80078870719333,9.31656471053359,9.78859467007594,10.4811998006945,10.4670059908218,5.66589149538973,7.24495664503406,6.6383676645378,8.11090931527995,12.4520396763959
"TCGA.D7.8576.01",10.3644647711008,11.5286921065116,12.6001195585114,9.21412139974126,9.72031835566493,12.3048616279836,10.3377943595216,9.11682225362634,9.58459451358466,5.20542970601424,9.85021337204916,9.81895984573594,9.6617863665282,11.3867535249074,7.63042285923701,8.15278959888376,6.0075463117751,8.02718922749558,11.1214578133635
"TCGA.D7.8578.01",9.01074347222193,13.52266296865,12.4076751913022,9.48151333261154,8.26793159211897,11.5749161005886,12.2483871302014,8.83710474421412,8.8158241483988,6.90074052981639,9.57452942616878,10.1474361930653,10.8209749253387,9.77340487425216,6.4156434349006,10.0384767752657,7.87735580722539,7.8996332539832,11.3371118057494
"TCGA.D7.8579.01",8.93866864521325,14.0845123168358,13.0625548257719,8.1185485419266,9.28808671519144,10.5314602090456,11.0668090899205,6.83800179974476,8.94284302911809,8.94802527642579,10.0293815554315,10.1527861969326,9.96308702430687,10.0557264121706,5.31921757376866,9.03892658673478,9.31142733811182,8.86085243596819,11.3340208670258
"TCGA.D7.A4YT.01",9.70357136452576,12.2625983306197,12.6054382897764,10.5949505417753,9.21818944172801,10.8493889536202,10.2350305128123,8.89821466519284,8.85336605366645,3.53430976970672,9.1259056846856,9.63848384035634,12.1739386351165,11.1712364574262,7.85242693131052,8.32007382736306,4.8876642063066,8.85911600021976,12.0185548538561
"TCGA.D7.A4YU.01",8.89392933764996,12.5818609979085,12.5220360038309,10.8608964623346,8.42770716083311,11.31287775783,10.7268498209636,9.47970080813955,8.63555499861175,6.59698939743137,9.9558223390893,10.3930959288095,11.6342831799253,10.8422569203847,5.6686437837765,6.9580834683192,5.49368327186285,7.91385338684747,14.8517623680353
"TCGA.D7.A4YV.01",9.46855039313622,12.7812580290407,13.1914405980613,9.5171618593319,9.74068351299147,10.4265095905186,10.8142495526529,8.60827736407355,7.92724238049529,5.78754413636761,10.6864608647803,10.0023358459847,10.1169291309273,10.2812104688078,5.60119396941558,10.9378146194083,6.58626166765143,8.31190084714021,12.4861484503114
"TCGA.D7.A4YX.01",8.79219340809068,12.511076582875,12.5705432979086,10.6137668138906,9.1238941472995,11.4324743270205,9.11977760909866,8.60574309122047,9.14508953398009,-0.282924623847067,10.0344256881222,9.33441287935783,10.6968188192974,10.7703302730271,2.27698709799004,5.7410651725108,4.04259063628818,7.18622658160736,14.2009544708513
"TCGA.D7.A4YY.01",8.80821220329955,11.4465215390535,13.9474328935729,9.72658861203388,9.36850203323468,10.3767654554061,10.1188734616753,7.71935108036764,8.39791277112318,2.83144240168462,11.4534382969197,9.44518258988048,12.3138660346996,10.7330308759229,6.33419139637256,7.37884660953373,5.21492434556446,8.61830437756601,13.0240993765255
"TCGA.D7.A4Z0.01",8.89141714407984,12.612306587596,13.5866872275586,9.17621815350802,8.93230393907024,10.2183406613658,11.0373810818551,7.57265675666353,8.68396259015204,8.45050768053576,10.6440259236815,10.204376781796,9.0730364893637,10.3067805923381,5.46323642903567,8.46156713101217,7.73373779839735,8.73160415067531,10.4995125641065
"TCGA.D7.A6EV.01",9.73996075637645,12.0699471885725,12.5912224459082,11.3980398206417,9.36733532176333,11.7392195888884,8.72937547678373,8.8243968183022,8.86216513748966,2.32133651625739,9.42722226015867,9.00368546132385,9.73737319328425,10.4465595517254,6.40944503924237,6.40079789883003,4.98124681332684,6.83094259337008,7.29470879746685
"TCGA.D7.A6EX.01",7.96643386823066,12.8746422072425,13.4789776869448,10.8576450358218,8.74544686238377,10.6557094461693,9.44670657928289,7.73451191072343,8.6808047779204,6.22115863066623,9.9730931530384,10.3061947257592,9.91662253735959,12.5450641392222,7.63078995980726,6.66727964724467,7.18647317307881,7.85379055053033,8.43581872692908
"TCGA.D7.A6EY.01",8.59462913683571,12.5572086549439,13.3952891376526,9.6570480992911,8.86108825313065,9.76671856398634,9.9459481375317,8.5326442235174,8.18494806579548,5.54371538001613,10.2942156473485,10.4309867402283,11.0575383326522,10.379425753193,4.76804212151016,7.82344692429407,6.20086383598769,7.64333296935843,13.6125089406699
"TCGA.D7.A6EZ.01",9.39925974333891,12.6024441992135,12.3504121801561,10.9526550009978,8.99492290809106,11.0056763302104,9.42069719577269,9.14724581497109,8.96165387324609,1.0298567047192,9.90378400676229,9.76247189380314,11.1587119348133,11.3517265753938,3.94951639636766,6.10445600539028,5.65645621164567,7.82211092684977,14.6196379481645
"TCGA.D7.A6F0.01",10.8442642274631,11.7432143452506,13.4207325868872,11.4853939183333,8.30638497415394,11.4399360078537,8.79248979208142,10.9352343591937,9.39358235294095,1.92030786163782,9.69480588199473,9.3114411528524,10.7229421232165,10.670683687501,5.57194905869281,6.1830243963276,6.29161504304257,7.2853187491411,12.2921047037278
"TCGA.D7.A6F2.01",9.94875915960829,12.4517249935474,11.8650339942773,10.5204188352835,8.39437694581458,11.4137052941156,10.3804572380999,7.80883482258377,9.73430341560562,4.36246001288322,9.01474216804875,9.75116277654537,10.3302324527028,10.8642249003094,7.06544046492073,9.38717484509557,5.61233296708941,7.97245920855376,11.8465087478642
"TCGA.D7.A747.01",8.63062830006829,15.3191714962454,13.0239171462212,9.18620359371406,8.77114447524816,10.2501817834979,12.2277252032718,7.66954139160399,8.52941356343246,9.31312532992066,9.9585206547661,10.8237358914939,10.6109257912692,9.75228448709659,5.89841706712905,9.66019394855888,8.57621507868436,8.82887929706675,10.729931493614
"TCGA.D7.A748.01",7.56487795889511,12.7187963457038,12.694792893661,9.35505674251335,8.79801939756905,10.0541303198692,11.8270670310411,7.68474754970661,8.69206978988782,4.39896873925663,9.80512218780228,10.3243901925616,9.37440525641001,11.4398571067249,3.83967483969604,6.90910315488255,9.3267473632108,7.00730442502951,11.378414986435
"TCGA.D7.A74A.01",9.27761525130382,11.9432843746543,13.0341773439504,11.5778493402025,7.93360827972921,10.9884652640026,10.324662470306,10.2985804607132,8.45303376314349,1.33742718347916,5.39756883616697,9.75383173192849,10.9747884367213,11.9553403177952,4.42569690891487,5.86690501784659,3.07578507318206,6.71159914310757,12.94967499078
"TCGA.EQ.8122.01",9.52027559182883,13.3633770672312,12.4871931374666,10.2435035409388,8.02335259174856,11.4679562081877,11.147095407637,9.09888479092165,9.07650255356982,6.73506407462122,9.6131901593922,9.56773679837807,10.3742935531747,10.9073490593287,6.64064890181451,8.12375294734733,7.30404603905443,7.69579530017218,9.4819589669581
"TCGA.EQ.A4SO.01",8.74304498158082,11.0131055457919,14.1726918592289,10.4904396039198,9.14785840581105,11.0981200570328,9.77991753254221,7.20633806940818,9.43075665749898,1.68280426062713,9.85735678661302,9.51493841728603,11.9703159409957,11.9115477230863,5.75054080390777,3.8035248033831,4.5194700630429,6.67649041121183,8.9275359212439
"TCGA.F1.6177.01",8.76049687576404,12.3512994294911,13.4273816704143,9.99609458005877,9.39393674627072,10.2554607657878,8.79156048057387,8.97327469877306,8.91136144193574,1.09453233722524,10.3874096848293,9.40979119602192,11.1150203892811,11.6207277563026,6.35633247763856,4.33110274046182,4.77308180959629,8.34235786769104,9.6890210025289
"TCGA.F1.6874.01",9.16095569484391,12.2674435202309,13.8639283908175,9.0030459818745,8.76761124364144,10.689760777049,10.9884195103903,8.16011164251786,8.77767053984501,2.06048319890902,10.8560976112889,9.67869481428535,11.3351541186066,10.6823969533728,7.81570251273555,7.02085925512414,6.06474557933642,7.24462576479853,11.0189759439738
"TCGA.F1.6875.01",10.0321943526903,13.3263672934345,13.4897728477972,10.0273426440779,8.57562183507456,11.5767985390255,9.42747314745971,8.46717340227691,8.72457530755022,5.28666671980275,10.3920331108494,9.25756038860176,10.7743122277517,11.0937735657119,7.91592999533645,3.75771959494575,5.53386508130637,7.92843984254379,10.018749372406
"TCGA.F1.A448.01",7.63745284205574,12.4646346834118,13.5076169912418,9.68619944961061,9.24168320735482,10.2333403887828,11.0545930164661,8.67514794237785,8.43928034083156,3.75370178656377,9.91527577653427,10.0531433105945,10.3481487017797,11.0998124050404,5.53743527951347,8.74273389318071,8.38403838584605,7.56401705098197,10.4079988054728
"TCGA.F1.A72C.01",9.51866763191947,11.8622408451313,12.3657168343281,10.6285695883501,7.3777193531696,10.9366063458435,11.2280538943097,9.09214952554571,9.18048555064005,3.84223050837549,9.33529915271522,9.47136415511358,11.5668602622555,10.6493238595274,7.20537654280366,8.10666619628962,6.55432805975128,7.69788631169447,14.9073803928942
"TCGA.FP.7735.01",9.02460732563346,12.7432582874158,12.9541336479593,10.3437953890346,8.36399622670365,10.9558951884193,10.8115727546372,8.11683153991367,10.2864964059138,5.61369356631274,9.86332129939801,9.86254034336047,11.865202523172,11.8747788145456,6.36776857873412,8.03533418153831,6.97381870426663,7.57891405200289,13.7430446925996
"TCGA.FP.7829.01",10.8316402066305,12.5776702118874,13.1816496899521,9.53704392000312,10.1871839535512,11.7775092084101,10.2969736130729,9.12776314403183,8.9747345420767,2.00067124668021,9.02638103360651,9.13270706695739,11.186113128728,11.6170620220418,4.70754413474396,8.56906993088804,6.2348399137101,7.28028716543538,8.31299508507931
"TCGA.FP.7916.01",8.31258263023025,12.7391506728152,12.6755813129792,9.60825991031091,9.0838175000889,10.7385648810588,11.1462245191533,8.00301094728612,9.1518869814084,6.74525772444238,10.1195432540468,10.0554015464832,11.3765715049452,9.87296344520171,4.89650374073312,8.62333096702601,6.54681932453361,8.18936220973763,13.583311650219
"TCGA.FP.7998.01",8.20872336639075,13.1128935120358,12.8081228937565,9.09923498697651,9.07871149421626,10.7103039500359,11.1254182725704,7.75839979179243,8.73488182743492,5.85167214034832,9.96833168043558,10.5736909902305,11.6896822006098,10.3099202308947,5.23013575252246,7.89436939555583,5.80200777708548,7.9190797814712,14.7059891867282
"TCGA.FP.8099.01",9.17423117444245,12.2271361895126,12.5557494367324,10.3032731863575,8.7645159345131,11.5621790315525,10.5324603323026,8.15493566062312,9.27730483489576,1.7618541635119,9.46646163596639,9.88423685621258,10.7980446815188,11.5184747741385,7.99559418271066,7.81539437041696,5.53749899751227,8.01022581345322,11.130338026927
"TCGA.FP.8209.01",8.23275332946981,14.7050585428052,12.6214430554392,7.81789693305561,8.70043275018466,9.93705748290215,12.2424602537959,6.49864049641547,7.94773132671166,10.1483744789737,9.91290523916131,11.1280632605552,9.38896413938604,8.42656484390013,6.01866290825606,9.39063488327868,9.55532542897793,8.7315340770376,10.5317676670205
"TCGA.FP.8210.01",8.21901683973218,13.7420815272204,12.6190620698946,8.64267023453083,8.81626247971559,10.1487682630857,12.031367106592,7.37090282824288,8.36901051307716,8.29799718636931,9.96043291918078,11.1668575473955,9.51399018754855,9.85516339871958,5.12392375725947,9.78657287968171,9.84763154614787,8.95287977478094,11.9717736447421
"TCGA.FP.8211.01",9.52772925800094,12.6394484072441,12.0955369333602,10.7056925516734,9.4322287299636,10.9778616838847,9.05626828342983,10.5047438553216,9.71390678050963,3.37362895049658,8.85608598315416,10.4354615081743,10.5254768424406,12.3545710557784,5.56238621298907,8.53034464539878,6.03672041267926,7.96010339920982,13.609631134976
"TCGA.FP.8631.01",9.12802714700774,11.6863586160894,12.3715947318902,11.1703785287486,9.22120304260682,11.7257251243401,9.94262772958486,10.1876556295846,10.1700977575867,4.13820440080122,9.23583365447526,8.94232528670209,9.68036717760161,10.1905481755022,7.38945028929967,8.52701371358014,6.14147496429132,7.76941542811161,9.44337395649048
"TCGA.FP.A4BE.01",9.42167178077916,11.8037602860527,13.8445551404422,10.6345729214163,8.527895497384,10.471471999532,10.9611403094978,9.31470027738349,9.04604861995587,1.50459142483007,10.6920160581202,9.71597734192399,10.2851469883894,11.6868855812614,5.97208516391436,6.48174965246082,4.61220699508978,8.03687199642719,12.6615464210864
"TCGA.FP.A4BF.01",9.16670743948285,12.5237397636338,12.5524431340373,10.5026255167395,8.2517155407697,11.6410705398066,11.9176550295721,9.08773446666817,9.21738830726076,2.78247535408062,9.53021049146489,9.86308119941416,12.3056410619993,10.5407658701017,6.67405682150664,8.77148097771317,8.60599273506901,7.63951905923664,14.3889833723442
"TCGA.FP.A8CX.01",9.66464614373121,11.5091695697669,13.6234654575344,10.0997122546282,8.6408933213327,10.9180926770884,9.88728484885446,9.36714215617101,9.27803065810795,4.10876749571171,10.2133339812196,9.394973885296,9.69963813805286,11.079941845742,6.0933287194221,7.2672498103017,7.1003886992403,7.54278272074022,10.7605914163215
"TCGA.FP.A9TM.01",9.20486002601032,10.9796907796876,12.9416301100402,9.70758726763438,8.36850796837023,10.9706985360141,9.63703026675485,8.85017098510678,8.98890726267908,4.97868140885524,10.2780952319432,10.4443889799683,11.080405700624,10.4546453744931,6.65650773688056,6.00877179520882,6.05878628715817,7.672388754337,11.4747512839962
"TCGA.HF.7132.01",8.37935337790371,12.4664642655157,13.8120267013142,9.34554716433528,8.76314864145084,10.3468635465157,10.2224470180989,8.18505542462917,8.00140658983353,7.27361974937655,10.9458891580346,10.0215059268232,11.0907444007019,10.631580985601,6.04258486002892,8.47787103789205,6.78544404573753,8.28379449403281,11.4904747449873
"TCGA.HF.7133.01",8.37069288162837,12.8365260205168,12.8588417644991,9.44639830932836,8.06240753816742,10.4608924671754,9.99667402282332,8.36598365225237,9.17075348887032,4.35585590325698,9.74126195745194,9.6156249589138,10.6381142585105,10.4311508185076,5.36061254763222,8.58392840727002,5.92728808425078,7.43145856634518,10.8344606943042
"TCGA.HF.7134.01",9.4509014323429,12.7185986518314,13.628583896205,9.8929098736833,8.61701169011591,10.9749917975684,10.3589644569547,7.58870791373189,8.40457516570008,1.28588579133418,10.1829489580665,9.2947281790373,11.0903003515417,10.9998436140894,5.46286933978201,5.33355252357437,5.36042291732294,7.33577504738848,7.68702874399618
"TCGA.HF.7136.01",9.88016122448232,12.6038224090784,12.8246943478054,9.96499027360742,7.17571450717711,10.8652146965686,11.1842562617013,9.61016305752744,8.19231515856124,4.3175651815069,8.78029488943736,9.65162486698965,11.1655716592517,9.96845105384183,5.19414642964962,8.31340884063187,6.69217077135521,7.18563066322524,10.6968022282371
"TCGA.HF.A5NB.01",8.942647315139,11.0474621299088,13.7597949073514,10.5937638352934,8.99093822479099,9.7117521046848,7.79630650252211,8.82251149489336,8.92894288055285,0.271222143723464,10.6781389179032,9.37524407007707,10.0708436864894,11.3770368189056,4.63047615353657,5.09526984860445,5.09011962242704,6.76166650382689,9.40870750012218
"TCGA.HJ.7597.01",9.14642198202618,12.1963169278695,13.3719109788515,10.2566948679647,9.24176421012606,10.4479169084909,8.26063966977276,8.62160246605349,8.62224316634935,2.47194150530464,10.4245116196476,10.2355322740045,12.0148604180705,11.0183692939398,5.82782471613963,6.40460363990313,5.51418825327802,7.3934348973445,13.8916650727413
"TCGA.HU.8238.01",9.45040188564002,12.3943903929834,12.6794904897313,10.2092103631518,8.279321824194,11.2712363908431,9.70079243563309,8.57099026119244,9.1835764540545,3.34280175115474,9.96264269485645,10.0311552900655,10.7293016713024,11.17705831818,6.07853552664486,7.76768659649567,6.46409927640938,7.36100659201287,12.3725427253814
"TCGA.HU.8243.01",11.2057364664415,12.4533313478644,13.4350270831482,10.3160091387874,8.51170811846749,12.2521449507866,9.94423482130943,8.98292562101707,9.66977391915612,2.11038173700194,11.1891676353915,9.63491401354796,10.4010140285425,8.16730804518125,7.70556795429818,6.95911898402804,5.4544097563548,8.04898625048532,9.95970085611657
"TCGA.HU.8244.01",9.72094547862693,12.0799760721642,14.0043894585919,10.6677984314323,9.06118894034304,11.2390471628482,11.2661326373761,8.43376371678185,9.31940394981546,1.7107135120563,10.6370874058337,9.18519622878233,9.67816196789309,11.4478943993685,6.06450980686599,3.48993787329484,3.40245755172169,8.08087560190852,8.59524378370802
"TCGA.HU.8249.01",8.76346459692066,12.5532501870271,12.718974332923,11.0884450471222,9.54696142117826,11.3921667053361,9.45534200374274,9.91789177978256,9.55709862235513,1.94863066686942,9.38726485225144,9.78102000541222,13.5677925725927,10.7871812339442,5.50070267764139,5.38540928512294,5.23028350740064,7.45007145540074,14.7026385017181
"TCGA.HU.8602.01",7.63284699458824,12.1531386612632,13.4326827259181,10.5289269500723,9.44896830259025,9.57441252804644,9.88006437418351,9.05551820141832,6.32024530707451,0.0575806769103702,10.860348566831,8.88904381740311,11.299576471714,2.55010613691376,5.18033385002811,5.97172629493759,4.61183741363854,7.64027226256014,12.6859204631558
"TCGA.HU.8604.01",8.27452928758378,12.7133835150476,12.4211806100974,10.105296187632,8.4716014611236,11.1384403417839,10.5782400450698,9.68327676794316,8.46319889398391,1.11531628180484,9.76894805244761,10.1025575858507,12.259015087623,11.1346033308667,5.663126999678,7.00078342650964,5.58634147391437,7.32609033392632,12.3967077594973
"TCGA.HU.8608.01",8.66349847111544,11.6916826926798,12.9312208199068,9.54111163014423,9.54907602441727,10.9483953945277,10.4528206498233,8.61767909304235,8.82543120352298,0.161636437485188,10.3408496589785,10.1332932994951,10.4959741212427,4.11274822623005,5.33268541131267,3.77949340858468,3.76799452562762,7.8430295508014,13.1320885286516
"TCGA.HU.8610.01",8.30864654763264,13.0769082030778,13.4568901638766,9.41111895832362,8.30355053503319,10.6839071252029,11.3103699789413,7.32083209787461,8.83659095881261,4.09001354851764,10.3563971709795,10.4176100574159,9.18585726437276,11.2270816255775,6.06644406227785,6.4843619083684,5.92707879527346,8.22436464872335,11.738893802015
"TCGA.HU.A4G2.01",8.67023418049885,11.5967385780989,12.9362396166449,10.4291266546836,8.80875409550649,10.7596690142095,11.2020075431904,9.48549488764189,9.15359294945512,4.01369429797279,9.76118642963906,9.18429222978489,10.6324257735178,8.5552570096773,3.41800558241263,5.47528539811047,5.96216070710044,7.99447809277158,13.4160167096258
"TCGA.HU.A4G3.01",9.47160789870296,11.8516944666186,13.8586539601259,9.368872585235,9.30327113139069,10.365926609098,9.50387169167144,8.56965658203588,9.1135189078635,5.19507319557111,9.95036210858333,9.11202440494902,9.29324816576972,11.1389996878694,4.86112218798979,6.88243854996349,6.30709648332752,7.82027276646124,10.9749448534285
"TCGA.HU.A4G6.01",9.5743954666222,12.2178761524008,12.6800236048268,9.8403643945435,8.77262531758706,11.2503640383099,8.15097105661145,8.58180841459232,8.74147142301865,2.67979096164164,10.0518466696748,8.99450423785014,11.2998225459919,10.5487789746409,5.858222508925,2.39711776486233,2.74049368542512,7.83698740216466,12.5520935229275
"TCGA.HU.A4G8.01",8.32175750053999,11.2430818765959,14.2094257330022,10.3183795172087,9.80379840096918,10.0294748272514,9.35990946794698,10.0279932106529,8.10615191389255,2.47725373363502,10.3167731489953,9.34569391098391,11.6850946977523,11.4177699108478,5.07079715233465,6.18557442825629,5.52554144124839,7.69626994492367,13.5887181123326
"TCGA.HU.A4G9.01",8.4891424645971,11.1244263158637,14.024119617432,9.77789171076837,9.41406255031717,9.26211626876254,7.97595414989262,9.30672529775125,9.00508805964907,1.72867835478482,11.0176583889296,8.90822352009934,10.5079100501948,11.5351093890911,4.1087217922543,2.59478778324988,2.55660363098829,7.83527585877464,9.9606176306905
"TCGA.HU.A4GC.01",9.57687443091744,11.0276938156646,13.4065635056743,11.1761540123852,8.72747427943163,11.5362057815716,11.7099631838408,9.57595471286366,9.36699919698001,5.58867510624584,10.1956863940144,9.40874635429062,10.3255946173099,11.2976707752656,5.65335454826558,7.80397182536496,7.41047899755859,7.60646124407131,13.4968014001177
"TCGA.HU.A4GD.01",8.66050106858921,11.9470458795079,12.6919606118677,10.6324057676235,8.85014241289589,12.2986460625355,9.6474361017457,8.91553952289443,9.87148358745384,3.35768473715281,10.1541292640246,9.4951861825192,11.5578150598789,10.8093125742592,6.21900294960257,5.35654171868811,4.66954511482285,8.0035497345323,11.1686966606604
"TCGA.HU.A4GF.01",9.09250316381129,12.4615685721353,13.056200904903,10.1496636528642,8.33469459220568,11.5200396547555,11.3964535840632,9.62897465043458,8.70332041963552,2.52899846288649,9.72331259243353,9.43529265521128,11.1870349040263,10.4594068897307,6.17587756809955,3.67233450250582,5.3455870149305,8.40597424889072,13.2838874676512
"TCGA.HU.A4GH.01",9.97781053587982,12.4399026056423,13.3329673459505,11.6455660442853,9.03906139546362,11.4305817831263,10.8407865946854,8.3190197710152,9.69079954550434,3.19151141990501,9.7361462856027,9.43338194692124,9.43987763900698,12.1020264062548,7.15933918784897,3.72954156056663,5.20034995360431,8.24248926126035,8.30960942080337
"TCGA.HU.A4GJ.01",8.36206939850057,11.4220719375691,13.3257214602594,9.64405960895909,9.06220206370949,10.4640136469365,10.3410833794159,8.83954517345408,8.40591564555992,6.39466818234469,10.4893797108558,11.8933502847096,9.41347892774006,9.39809322242576,6.62852072819894,7.32490592235089,8.03911614231435,7.76782975213809,11.5532395729997
"TCGA.HU.A4GN.01",8.8972256436239,12.7653747019723,13.5820392353859,10.3973689845048,9.19358666745452,9.75050808138672,8.85017551580584,9.36507181554593,9.00600053725455,1.32204810307971,10.9422606214558,9.03940807380273,11.8001717584852,11.2604817815652,7.9548323951639,6.19345621178904,5.4445257979133,7.47185086624676,13.997761778303
"TCGA.HU.A4GP.01",10.5129674023115,11.3960231347674,13.0107456332828,10.7482126101823,8.19107194672201,11.1300777918676,9.71622492757035,8.38912232947193,9.64708028286879,5.07615371886155,9.72523786595853,9.19003264793824,9.73393218881272,10.6043275969109,6.00807466331679,6.434792217884,5.65381487290474,7.95481500778045,8.92345878668238
"TCGA.HU.A4GQ.01",9.08807086502375,13.1080717709046,13.0037989418271,10.6695714223691,8.78385257306402,10.5472064889872,10.158102112338,9.21043708685319,8.83587124234776,7.35922818109782,10.7488807378679,9.04854488142766,12.443256788867,10.9867102406681,4.34773837664369,7.11218640433229,8.80386885063764,7.55470002853362,13.8835535071975
"TCGA.HU.A4GT.01",9.63138709535609,11.6295345665401,14.1915541073243,10.8509080634745,9.60630826829236,9.68774997303659,9.11579921113215,9.50844363285489,8.50802875950881,0.150034784534208,11.267015749397,9.01476926880801,10.5399084589963,11.4739078821948,5.6623719153552,5.5094026261704,5.72183735829657,7.8647552641221,10.2343505042391
"TCGA.HU.A4GU.01",10.3921438359421,12.8979975249097,13.0209442961553,10.0957917318283,9.48794480906106,10.9813104257874,11.1857876073709,8.93876870215502,9.11599956936451,0.606159474838277,9.91608161631699,9.03128935641478,10.907161507548,11.0931315971923,3.80717680623814,6.48211871111422,4.78854413686764,8.15306633500947,9.64825473549083
"TCGA.HU.A4GX.01",8.60966188581131,11.1133486479112,13.6087838167529,10.5510936195141,9.41683166155689,11.0767297080532,9.30568640931753,9.16252775744728,8.47755396433761,4.00500564422029,10.3574380832925,9.52130377267221,11.8078135014035,10.811417944008,3.8471217307715,6.87913754421964,5.03110683093206,8.16797544786926,13.7621763133383
"TCGA.HU.A4GY.01",7.70323743566817,11.7555365601404,12.9854156351823,9.15057800309288,8.74496689122837,10.676433446637,11.8411699242848,7.93483058440004,9.30989795095293,8.84946199971813,10.3557850565931,10.8949309088975,10.2858379660207,9.42176557887583,6.58431560078187,8.06856286726632,10.0884039987912,9.53020927647024,13.4103626988271
"TCGA.HU.A4H0.01",9.81283513678778,12.1434280446271,13.0991220142484,10.4921152001894,8.61682682892449,11.2258854316572,9.0379608360544,9.36416200991049,9.19625041644311,2.95636648010389,10.5519428337983,9.23986553366906,11.7115961485757,10.3302875376519,4.09213383728783,5.93817395703876,3.71405581360475,7.05741145428362,14.7487486058009
"TCGA.HU.A4H2.01",9.88237847747224,12.4826386438572,13.5078279278228,10.5038895748454,8.72528372178914,11.6876729123002,9.05692184414097,8.66910239514183,9.48917983092696,2.54277960849586,9.47778649665428,9.00654877193052,10.8344690076133,10.164977970117,7.74205630874131,6.80895028509278,6.10715463596841,7.6811610805482,11.3574871176196
"TCGA.HU.A4H3.01",9.06974953784415,12.0615922240166,13.3277014066186,10.7055567674261,8.77568539309595,10.0646629347631,8.78064282848092,9.48637445487849,8.76090317090604,2.86574921964131,9.85869869665701,9.29107228205651,11.2124489712424,11.348686951091,3.89624765027761,7.05311340272764,6.68816589798697,7.10478303252402,7.81197824223217
"TCGA.HU.A4H4.01",8.8662107359533,11.7790291013271,12.7710386858413,11.4332638527876,8.93932941487196,11.3043732950705,10.1906271854814,10.0619954711084,8.93900979657101,0.946970877683172,9.28022681099545,9.65426108995604,12.1525706530199,11.6292085367748,5.56520423438853,6.09954253589389,5.46326144728276,7.73959759829009,15.1948776266073
"TCGA.HU.A4H5.01",10.4393901465569,11.786291318969,13.5325043418475,10.7478650035098,8.84391907076095,11.6249841898723,9.3208072132375,9.31637517828514,8.34127002268179,1.70708627881495,8.41767500902677,9.214363614627,11.9313729434185,11.2992885007782,7.14662595678795,8.91701498542131,4.81436414638201,8.10073152153743,13.1524896754062
"TCGA.HU.A4H6.01",9.67237577994871,11.9319436212802,12.9479204577398,11.6191177828415,8.3109381742498,11.7918130526975,10.3129964246848,9.42099465392504,9.74111487056371,5.29233626786808,9.82960841235276,9.74859341696755,10.6486329118368,10.7380064876681,5.82232752989426,7.34028346494874,6.69422194394311,7.93854747954659,12.9759805813309
"TCGA.HU.A4H8.01",8.96051923900195,11.3360481490227,14.5025398643041,9.90025022004253,9.79033989953466,10.5056864338922,9.04921503023174,8.60300548686531,9.12288774650536,4.45250548682096,10.4405152051511,8.3888323900509,11.3395395334561,11.0057421380815,4.59486160011302,4.96389807252522,3.69194297703945,7.52681787151428,11.1094941974964
"TCGA.HU.A4HB.01",8.92253176754092,11.4934362424117,13.340327593919,9.68462465568781,8.70330148003098,11.0510995924526,9.89302396816857,8.6644509642601,8.41652141938031,5.67105526653591,10.4093062219923,10.7902307880745,9.67699803018514,10.082574676077,6.26567006914431,7.36680197745886,5.70269999395713,7.87592398634045,11.8767491752998
"TCGA.HU.A4HD.01",8.46594575271024,11.861250718595,13.9231773058268,11.6190981226619,8.88966112753927,12.1405868641811,11.7086651284994,8.48698528284242,9.37323792052362,4.94752435291356,10.3929239603332,8.93044722824661,10.8344524362538,8.82414816775961,7.92056242492352,7.48844856684816,7.53241013141791,6.83610921455229,11.671930883581
"TCGA.IN.7806.01",9.28952035877419,11.4752071874626,13.4549705227831,9.0439638271408,8.0151492742806,11.4520058868837,10.9124687674928,8.87226922696268,9.49966014946255,7.98921057196613,10.6848686904249,9.54060741852101,10.1316368736806,10.5628193525164,5.43136383897799,8.18920013800507,6.91423397763769,8.76408730401609,8.43865133097981
"TCGA.IN.7808.01",9.34784567260453,11.6758034641674,12.1040940483056,10.3818437660778,9.17661644325212,11.065897713817,9.11163521616334,7.8077767913487,8.83507595721548,4.88572543435399,9.13462603931004,11.5787007567832,10.3723316332744,10.1464505455547,6.60436423280443,5.90857816422477,9.48308319083713,7.83524750458089,11.3714910266899
"TCGA.IN.8462.01",8.3224534156941,12.7579442586661,12.6968421210358,9.3016326290711,7.74812719205066,10.7065486430939,9.57999310641423,8.54742735086825,9.03307964111036,8.22467579470379,8.81473527230185,9.7651406979086,10.0217798255135,10.465589519374,4.99028442716594,9.23734893878288,8.31759119433797,8.37692233834929,11.1982922224863
"TCGA.IN.8663.01",7.80072629250399,13.2324702226118,12.376979135819,10.6568463698806,8.6758178477795,10.8055714388345,10.8318911368159,8.4541884105842,8.09537219503688,3.45679389008094,9.79961046507744,9.44097082898402,9.47431397200454,10.3406683198591,6.08254244482624,5.65672837524406,8.60760147054291,7.82793061390601,6.93201303817351
"TCGA.IN.A6RI.01",10.0783070894529,11.7039856628788,13.4964596643902,11.2349400801246,9.1416449841008,11.2271629629264,8.05680182459938,10.1791325594049,9.93082005143194,3.51442044736095,10.4329384481796,8.87783760469376,9.87699798382272,11.2878566851171,5.6673052387587,3.91508764763553,4.4726297906506,7.78549407145061,9.85179304138248
"TCGA.IN.A6RJ.01",10.0569392461484,11.9395808898674,13.7032424797659,9.80381164932306,8.14598991664183,9.75144715074493,6.7466413560124,7.95517301350165,8.77912973273704,5.24805438605977,8.74296781640766,10.1422413506397,8.09019348149475,9.00256279584417,5.81448644333732,10.0925246091517,6.85113334893069,7.59831766957326,10.1698835459064
"TCGA.IN.A6RL.01",9.14307745627158,11.2825336169822,12.5108776916356,11.0917641861288,8.76758423904555,10.9047363171718,9.06306681922867,10.1732120676244,9.44578325012608,6.72280096680681,9.5175197331385,9.12866102155103,9.45477071113008,11.2759941984982,5.66597007323265,7.10051201338742,7.51647113492414,7.1691682066136,11.8676209557336
"TCGA.IN.A6RN.01",8.96705212469233,10.6800651669943,13.1539429905683,10.6763141800937,9.17236971017397,10.3637137086693,8.9793634658133,8.82931285032649,9.06415863439992,5.87266474163595,10.770607796837,9.16558028842162,10.21762971335,11.088494839034,4.994100141646,7.01090721339183,6.94860845572742,6.79374686224169,8.27704637854759
"TCGA.IN.A6RO.01",9.37413954761405,12.1293748566965,12.6174328000198,11.4045790024714,9.00528531093799,10.9107652404296,7.73379977715516,9.85098254630451,9.68228646595661,0.90199038040408,10.289774393122,8.71477496034711,10.6546709937696,10.8624823028992,7.24928077192648,3.6452593083763,2.28621390167165,7.07918140516482,9.8950482721021
"TCGA.IN.A6RR.01",8.62926575876211,10.9061347026864,12.9132949466441,10.3315546278824,9.4627386591085,11.3301619483849,9.32954547804047,9.3959875883918,9.27972778650056,5.58143488188598,9.73909176432369,9.32971074788263,9.74324420439587,11.6713883523226,6.02216248671109,6.59601916343751,7.50027087990061,7.9595520197581,12.2984863976787
"TCGA.IN.A6RS.01",10.2294486920578,12.3834297741888,13.4580655157589,10.8389380258085,8.94574813685166,11.1420253486573,9.78848949886881,9.28422298422311,10.1282755584997,3.35181964395386,10.4450061555193,9.23946835123408,10.8519614259352,10.3230889228656,7.16927810125245,4.18996091201893,6.69678511494272,8.16787187909154,13.4359456227439
"TCGA.IN.A7NR.01",8.76123135847613,12.6841435358457,12.9477834294387,10.4842358748308,8.79843798704418,10.039356683467,9.71059905892928,8.78423923312879,8.99037820986325,6.868619665801,9.02458645796595,9.84267862023556,8.96343713247612,10.6011575266166,4.093199823315,8.87587932386588,8.99952465314978,8.09190610838631,9.77671952849532
"TCGA.IN.A7NT.01",8.70711366804686,13.1524133914199,12.5442643380987,11.2567218274682,8.90747039921008,11.524670986179,10.2701814577104,9.12100734977816,9.8023508080627,3.74494599665944,9.54259953102394,10.1437524839015,11.3633492347718,9.93878510466794,6.57973502951226,7.12233400392023,8.01796058473025,7.02115978941448,7.11901165926268
"TCGA.IN.A7NU.01",8.28707142714035,12.1923063963942,12.2111700420003,10.8554993012834,7.76510667316596,11.703969907349,9.53626847395867,8.33758867368957,9.28872233882959,6.4009542613847,8.83215125092534,9.85834181933443,11.0260479394391,10.6071053421358,5.49098803079727,7.38672924000065,7.95712520519502,7.71409918730531,12.0791822444909
"TCGA.IN.AB1V.01",8.875220846493,11.7330821295494,13.1999711739599,9.14582577796604,8.10800323086735,10.0261703539954,8.90291860391522,7.84415942823722,8.67810777444707,7.72243606228028,9.16769940580914,9.74476222272796,9.15679542560025,10.679133331592,5.75048413665167,9.4902003182438,7.46155325244873,7.76661704844485,10.1298034100937
"TCGA.IN.AB1X.01",7.82604329224775,11.2115059169186,12.605167638829,10.4981284317444,8.87930151001505,10.7345673460387,9.05522464030563,7.7843015988234,7.90864805936742,6.55734976374739,9.12009210333705,9.90350080285157,10.5983720049773,11.2468581875955,6.09741306644072,8.11662529417061,6.14868844485708,7.20519346885084,13.7975985636068
"TCGA.IP.7968.01",9.69765868307977,12.9547439555261,13.0305140709071,9.72378283973937,9.00249230319384,11.3775730769418,10.9516827928687,8.65354605922894,9.15563050230326,2.94844634022326,9.45480147714449,8.99167696316636,10.3656043834388,9.60360828429686,5.51489392433576,7.89415395210512,6.53213642505346,7.3474483180472,10.1665425996364
"TCGA.KB.A6F7.01",9.69885209242776,11.2148298476568,12.9319750198534,11.7159933651002,8.79553179402482,11.0109777098095,9.1381384267718,10.4900618366658,9.42378162890456,4.24153403361391,10.7491381802729,9.27495519738638,10.6735524481995,7.42335024531317,5.20572791662735,7.17793073853234,5.9557943604163,7.18637774545823,13.3758908861385
"TCGA.KB.A93G.01",8.98675869604809,13.5387603157996,12.3407350635338,8.82263068872686,8.10367412405682,10.6165198103978,12.1032103027852,7.88854380291577,8.34841339951553,3.74598924933057,9.06882345539415,10.4172155151131,9.8553039366253,8.54059367275445,5.27816382669547,9.81060937598517,8.51712165642232,8.23828822553063,9.09483066676049
"TCGA.KB.A93H.01",9.21243821319528,11.5977932780951,13.1543883750385,9.75674939106946,9.82917408609598,12.0722595131983,10.9173759614701,9.50529966377703,9.74946066655686,2.45858550850276,10.3664007876172,8.7140384884399,11.3301149251,9.6746907715891,7.09164012182644,2.71443268632994,6.83694908306433,7.93688363907632,12.2184022928562
"TCGA.KB.A93J.01",9.21379853822077,11.6576436089043,13.8425722487545,10.2401667496836,9.16477870459787,10.3983212560106,9.05406801079962,7.58285754654487,8.93923587962497,1.40480797141709,11.0246761252182,9.81333358528279,10.3590414690803,11.8159085441361,5.94072534759876,5.43029448117031,4.50066563545841,7.66651076325451,12.2358917705628
"TCGA.MX.A5UG.01",7.94951487054551,12.9273542737309,12.8410492380253,8.4033009347093,8.4361359931293,10.1034282190874,12.4302599860711,6.96643714686182,8.40558064244949,8.18032998563362,10.0491819111768,10.6054846369346,9.6916210773146,9.67749466989506,5.25020286957451,10.5001764664872,9.02367070726887,9.25966660653618,10.5709545745333
"TCGA.MX.A5UJ.01",8.6262041345881,13.3640806268185,13.5062809413342,10.0095861374675,8.41960692494708,9.81479193098061,10.332439166382,8.7142413994529,8.43628199142135,7.77792259448904,9.92809092763656,9.83059146735809,9.93964517247158,11.2078606671751,3.93500608656355,8.39487362152734,8.78425494407976,7.24530024248213,12.1551556273039
"TCGA.MX.A663.01",10.2783651638028,13.5655692157037,13.304954553245,9.36965184749805,8.11458587037551,11.5153261377856,11.4192415009391,8.29646940637752,8.75255611108913,8.16515863489393,9.79919388372728,9.98562437812312,9.59938657878636,8.60103883589991,5.39455695743912,8.7752294096942,10.07621489543,8.12688838589769,9.46162169327862
"TCGA.MX.A666.01",9.67382699668393,11.7684089437594,13.9528133173571,11.0920475198196,8.36729671190281,12.0490395158241,10.1278133680801,9.35214792655655,8.97745235217881,6.37177584174195,10.5376424963659,9.94647811185733,10.6011116669448,9.10287096697872,6.65822813792712,7.01679533679456,7.68554079131351,7.70701374268097,10.0236877729807
"TCGA.R5.A7O7.01",10.2454380870685,12.6871424915217,13.0063721309371,11.4364805987657,8.98750295915305,11.5532177398157,10.0267379925267,9.2951268847882,10.2522987142587,2.7408097731104,10.5101292265779,10.2322165728798,11.8978109042553,12.1208594646137,7.70370051141764,6.69451199260281,6.97178005263427,8.14271990653517,10.0758208565977
"TCGA.R5.A7ZE.01",9.58865345933141,12.4375335602886,12.9719484010364,11.3833524339143,8.32564372078307,10.9696009035676,9.71046173371111,9.80356765723847,9.42578836504678,3.86951842472939,9.34232619451239,10.0146371352808,10.2510757997329,11.0220036523455,6.7592021026537,8.01167127993446,5.88146385174278,7.32936337955449,9.2308441658014
"TCGA.R5.A7ZF.01",8.41517563790068,12.6106215203682,12.1903295128887,11.5422525733783,8.54463361057563,10.9895574477661,9.69908285954402,9.99571915397514,9.4102053731857,7.49674877492079,9.19671319956148,9.00245508354379,11.8300584060164,11.1914681655455,4.16353251445951,6.67946066310543,5.70722841605577,7.51882519727217,12.1705614567948
"TCGA.R5.A7ZI.01",7.98848931389164,11.586311008999,14.3856214717487,11.0934633515666,9.72631920934181,10.4462370069255,8.50570179855517,9.29632455056194,9.57595013366581,-0.282924623847067,10.0362400052255,10.1372193934618,10.3552233329634,10.9272851101605,4.97699655998559,5.23060689683358,3.77328212399229,6.7867965820459,12.7446671589716
"TCGA.R5.A7ZR.01",8.90749483023996,12.0337395857052,13.3186713346052,11.4274001874035,8.71005271102833,10.8632555570559,10.2178503578445,9.67419118992057,9.15398260166025,1.69965832360495,5.94472901924943,8.89513680579898,10.8259176962463,10.5507664107113,6.38920533024593,6.09045416946887,5.87456469591961,7.42697267165239,12.5080835052621
"TCGA.R5.A805.01",9.65306665267655,12.6862654364993,12.7795476449303,9.6214057414289,8.36623305599763,10.1917948717532,11.026649480563,8.36262524713855,8.74333763991198,5.51525034558535,9.76355787779507,9.90825346800295,10.4595836305199,10.9198982269109,6.04801805680855,7.47738437099528,6.4384677091963,7.71641634465253,11.8518087999951
"TCGA.RD.A7BS.01",7.92571255117906,12.589580312756,13.0551053511051,10.3206509069122,8.40812150588547,10.1645877026235,10.1603380992187,8.78246848539506,8.45600129626175,6.22267735747714,9.623434367574,10.0049900575234,10.1228302332476,10.7198232976551,6.60556966312835,9.30061113743725,8.28313739733773,7.80916547811097,12.1281881496341
"TCGA.RD.A7BT.01",9.92495062984862,12.1071028591299,13.6016328229373,11.2173682680417,9.07005528707223,11.4835133095295,10.5853393987705,10.4617658122465,9.19015466383768,5.58224197312786,10.7373041555272,8.5325089811713,11.3845614030797,10.0111247784971,6.93746653931857,5.01008360577623,4.64099899195337,7.42201220568992,12.4868154367193
"TCGA.RD.A7BW.01",7.86899874537589,14.3791302193787,12.7167027148895,9.6427269698357,8.17671135126929,10.1124734898645,11.7718696252637,7.880617246609,8.13990946262094,10.0454249323187,9.73381369144255,10.6639102558263,8.98912705659356,8.15603206695024,5.36559020411036,8.52481378969527,9.17168251913635,7.35044320158408,12.9210527753345
"TCGA.RD.A7C1.01",9.01446570826455,11.7805977816743,13.5735932570017,11.6696283752767,8.24555005758875,12.0107434706137,9.98200085719711,9.24902375554758,9.25123251396073,4.47962617694027,10.2860293080967,10.1904759973388,10.6565187453459,11.1867706458438,7.05200971597685,6.7560061161665,3.94716652567882,7.2053163321366,11.6964073924107
"TCGA.RD.A8MV.01",9.2769198018045,11.8078062294386,12.9967600523825,10.6402543335963,8.71193441428354,12.5193659302989,10.6701992389332,8.49319384489655,8.95915033107634,4.62896345863617,10.0492497203561,10.1918298311399,11.6130525913046,10.4857605778376,7.29642626152512,7.15991125751471,6.46878678684372,7.91491091407582,14.7328772461119
"TCGA.RD.A8MW.01",8.97197942053779,12.9278852459467,13.0133241007645,10.6698118750068,9.1152757326359,11.5818355990003,10.9455664558558,9.30985072316698,9.59849012604803,5.50375275724238,9.89672918796914,9.86610047072189,9.97839097330432,9.78732033095655,6.78561660661927,7.96243713221651,6.68847129560044,6.67749028316485,13.3247932721008
"TCGA.RD.A8N0.01",8.51846097510763,11.6441590657799,13.222581098032,9.4452425321641,9.11767529793165,10.2749183515841,11.4222673670032,8.1886764357771,8.58960139224467,7.56085199406075,10.4251562280014,10.7321185114505,9.73684134127007,9.84241554609859,5.10354699682183,8.80475672110198,9.85287588425818,9.00720878941219,10.9671310219661
"TCGA.RD.A8N1.01",9.1690307503528,12.1013706233088,12.5642211469832,9.63487113707814,8.16553721403366,11.092785735592,10.5579836463235,8.59849921894103,9.15701041592414,4.46615906673962,9.43613642423607,10.1673972253474,10.4909364794534,10.5843667757479,6.16955524502422,8.23612248231547,7.72472231670025,8.71011868064949,13.0141008247259
"TCGA.RD.A8N2.01",7.5222856540844,16.1151155166431,13.3000043122397,7.92905343608914,8.687059826909,9.62552707851942,11.8144191529568,6.54489423769105,7.48890958250762,9.97550007896731,10.1630968984377,10.7369374489402,8.42694969147355,7.68203270509959,3.88332123242943,9.07955538428789,9.45418097296731,8.77351110864528,10.7304090952024
"TCGA.RD.A8N4.01",8.2890605737106,15.1819230536023,13.4168578422377,8.65775010153066,8.53039634686466,9.91410151992046,12.0263396441898,7.1482456348674,8.11019753837287,10.4516241241221,10.1068725887364,10.7761104454683,7.97228434224898,8.5722598696021,4.82534364131816,9.04243529562514,10.3893613326808,8.10684680977509,8.8189825603794
"TCGA.RD.A8N5.01",9.12016339787587,13.0670712562543,12.6267497367304,9.04729521038954,9.39604032743218,10.4391367734474,12.0347869052271,7.89421107402947,8.444045050447,2.04611283942475,9.41775379510024,10.153086348583,10.6156681193566,10.8723578141584,6.2253338439849,10.2444735340516,7.8613569302767,8.09869204289618,11.5805226917365
"TCGA.RD.A8N6.01",10.0583817809894,13.5142988658062,12.9488055581054,10.5930566813264,7.92360095763068,11.5420228288287,10.7054616589226,9.01424147398772,8.85604848182387,7.72240237439476,9.09793207255841,9.22233341245337,11.796926815751,9.9959239905745,5.82060535469016,8.44123286856727,7.04553132788432,8.0712631823439,12.3805231624122
"TCGA.RD.A8N9.01",8.41079221212181,13.002254566855,12.5469772027296,9.79001600676129,7.92586128635095,10.6527768439284,11.9789743377107,8.54897445277799,8.38641099098915,7.82133339885133,9.29594260906979,10.3208931558767,10.4768323307687,10.1630450148181,5.83936337510948,9.74127739977146,8.46885326558918,9.00316867945715,11.9713022832662
"TCGA.RD.A8NB.01",8.80308972519811,13.4044499621794,13.3217289934603,9.98243286895517,9.46067450630534,9.66197011767681,10.8179446825834,8.51554955129983,7.33879940970267,7.48989797995623,10.45676928584,10.2733865849755,11.0774121209483,10.0580842485137,4.86900565525611,8.4050092521649,7.69253490169381,7.38499112589158,13.9677335909424
"TCGA.SW.A7EA.01",7.90339204684787,12.3830111337371,13.2771527942401,11.4809869580562,8.49708081036966,10.1620477829223,9.43108691259437,9.40187306183177,8.86591050332343,1.8550378666271,10.240313168832,9.63349945684134,10.2290202689996,11.4130794086752,5.51565844259114,7.52948773683706,6.35158933302204,7.28168612621733,15.2503726343214
"TCGA.SW.A7EB.01",9.44203645911736,11.3011367711068,13.2243465684163,11.0351281407395,7.94381755060587,11.4053013428701,9.40430974508964,8.94902454481925,8.71574141774471,6.09797968037638,9.6638435951005,9.90058710190898,9.68728016861467,9.64059686207208,5.72524115259238,7.58733224561828,6.91777194210722,7.61911155312622,11.062092133857
"TCGA.VQ.A8DT.01",9.73773066226158,11.7995631891712,13.8758470179541,10.7358512021179,8.93574484903653,11.037792458217,8.80057194129871,9.00875390920611,9.40462389687662,5.30221219250001,10.663514364634,9.02378827605206,10.6829795379789,11.201770734289,5.6533755299959,7.00295733424946,5.75374886835641,7.75601610305607,11.1902135566944
"TCGA.VQ.A8DU.01",9.62739358276249,12.4862219210992,12.4802208256738,11.5714692825048,7.61959726379811,11.1290150687814,12.2763021867048,8.68445100714145,8.27979792564586,5.70837272299876,9.1141664104333,9.50406853863876,10.3296094483459,9.81389135905858,5.74930233606762,8.25061625480497,6.79539029345606,7.33689696876759,13.8704182724775
"TCGA.VQ.A8DV.01",8.68554789463973,11.6658803984916,12.2978040242594,11.4774993866995,9.49479339209675,12.2486066757629,11.6639485676629,10.3645765774119,9.32567852511896,1.56723470420095,9.7676573448977,8.96279788572766,9.80117010546731,7.24027288274333,6.50810067929418,5.10760040494994,7.18429046387581,7.95500812727236,10.9521524288536
"TCGA.VQ.A8DZ.01",10.1877543125093,12.1898952109163,14.0912917543205,11.1544864769752,9.49063306728631,12.4630849766057,11.6793710175202,9.29103145675701,9.23684873474119,3.64780325397219,9.83397082182748,9.2802019965828,9.89236236162803,11.2838812028823,7.6908896879265,7.41232247294024,6.00146946245008,7.82820987090698,10.0034651659888
"TCGA.VQ.A8E0.01",11.028464323433,11.9194932939816,12.7840151348658,9.70430941791308,8.32127782443968,10.91693574819,9.41469909427978,9.51952618103686,8.61190710739984,3.65171453549113,8.98662320629387,9.14343766264578,9.81268625583177,10.8136612798416,7.68152361405994,5.92863421968476,5.31740490152169,7.3029769111826,12.6665336369617
"TCGA.VQ.A8E2.01",11.0376095135457,12.3732351452472,12.8626514260913,11.1999478849292,8.36567417361479,12.0746312297814,10.9532239539103,9.27984764360835,8.83221509202854,5.89890744122952,9.16954919781825,9.3658973243361,11.1132867005698,8.00418196172064,6.3737379588939,8.63153604125295,7.45491872770306,7.70868622478935,11.2216593798691
"TCGA.VQ.A8E3.01",7.8731146088689,11.8364547273151,12.8268309114893,11.3240657735248,9.54997124187529,11.3602313680014,9.57526760508629,9.05826089479746,8.64883728455245,1.97000567315547,9.64964077084682,10.2639169811207,11.4342801964635,11.3667484277736,6.19913294831588,5.67904260128391,3.85349415665217,7.65468886886158,12.0364031016622
"TCGA.VQ.A8E7.01",9.75104904040073,12.882491394313,13.3859716148838,10.0713621789245,8.71679580642354,10.5215444895511,10.8685699414464,8.17372100205957,8.71964188921288,4.16218626114232,10.4445765922568,8.6571063751539,10.1741743607055,9.78108409031172,8.50742049491862,7.58232119522405,6.85787840964447,7.81581941632441,10.1834531649017
"TCGA.VQ.A8P2.01",8.63085071319808,11.4908616813728,14.5189778349271,10.655249415814,9.2366976583232,9.88449259573729,8.2427533665603,9.84142336791628,9.42441816642351,0.598739996252074,10.4868118507898,8.62953584449676,11.4713117054601,11.5123962436842,3.24554936418101,4.5577117783225,5.32667485600766,7.67210939252386,7.22533927179285
"TCGA.VQ.A8P3.01",7.73983232988523,12.4906845113267,14.1832846371051,10.1446389141574,9.80450708711898,10.6439319139484,9.97772461865906,9.28484301530711,9.00076201058058,3.23014917111809,10.78079864034,9.55428372240923,10.4685274340949,11.8186812746849,5.36815499617229,8.22299551842165,7.37150680791158,7.99661445327744,13.5452606835522
"TCGA.VQ.A8P5.01",9.9034824854596,12.3560617278631,12.3043269239949,10.9042119569797,9.10209732610034,11.2946430266419,11.4711039861039,9.55554831613253,10.3066429954946,2.90710545556941,9.03290172635785,9.02350317998765,12.3078837368199,11.3630811452082,6.10192669987624,8.23638833923649,6.0230075321727,7.24642651512548,13.432438739307
"TCGA.VQ.A8P8.01",8.20244148695911,12.3509423436521,13.7190083027322,9.38440000692422,9.11111386606932,10.3977109629528,10.7236949211418,7.93384700865924,8.68746923528435,7.62665049283062,10.0999061897037,10.1214262799302,9.99243262327985,10.7098875067598,5.22658635424806,8.37952553222214,7.38387441679114,8.13905854490943,11.6205532351404
"TCGA.VQ.A8PB.01",7.83913837519888,11.9196697778795,14.1215809051763,10.5561683699113,9.23691223571217,10.1379590189145,10.0630030815027,9.42222756386073,7.87786950196961,1.31710719884448,10.4832610158287,9.68231130738136,9.91691367572133,10.7527460202999,3.52318447381854,7.38242708644918,5.47094192083174,6.99331470503441,8.29210968096016
"TCGA.VQ.A8PC.01",10.1738964879658,11.5903114571462,13.0053950622621,9.81343858628952,8.23047731688743,11.0656054054656,11.5034959982974,8.46474821005496,8.1849526058348,6.59490549881368,10.3558033324583,9.99136071156669,11.3723544619004,10.5646728884575,7.67957325659467,8.6936330072979,7.30622805790022,8.30929029079956,9.93863705944669
"TCGA.VQ.A8PD.01",9.27159437277228,12.6904157510373,12.9548523660178,9.15026240030536,8.68029073037608,10.3845937658324,10.8756711343444,7.79465579322819,8.47588147630145,6.4213387140836,10.0486054057973,10.3979428819101,9.89667490779909,10.3610053056874,5.78369454139259,8.8086454961588,6.8283228981873,8.35060587474864,11.4371276970272
"TCGA.VQ.A8PE.01",10.4971521637549,12.1219820626283,12.5506639448984,10.7224437912899,8.21960819755638,12.112538981541,9.87837357931345,9.54039632507043,8.465869145962,1.41587170655103,9.24238264727908,9.49378985294826,10.6973109571491,8.84262508025192,6.97953340526296,6.90344947241325,6.69369288717008,7.51531841182695,12.3173823213735
"TCGA.VQ.A8PF.01",6.43572895020203,12.056356236141,13.5095196640426,9.79220782792183,8.92128853108064,10.7389839285319,10.8038938744303,8.58743072988305,8.80629434629306,4.29466130624669,10.3510438007602,10.1355015435805,11.2630130423301,10.1925017398093,5.50157576413966,7.28858180733056,5.03988330967138,8.04357269916976,14.3516900712569
"TCGA.VQ.A8PH.01",9.68345775098057,11.3913760486402,13.3819164272915,10.3929526387274,8.33194572085456,12.0913095893362,10.5187190824785,9.3441266636461,9.09019681247335,3.33813087999249,10.8797915263547,9.55012725319352,11.3085400525019,8.1087436811549,7.54244399451802,6.30672371128783,5.54716347659932,7.44123847185818,10.6610840060949
"TCGA.VQ.A8PJ.01",9.1719671772394,11.9405069156075,13.6694803043344,10.707111355543,7.71761609727684,11.5041156523141,10.3894548249679,8.19624290225078,8.91471863542935,3.00367564460482,10.0601368465845,9.97511070289079,9.13119983928777,11.1342051582717,6.11876615288681,7.15256792251626,6.43758484048384,7.25024247247184,10.6274734076543
"TCGA.VQ.A8PK.01",10.5560741040221,12.2117795397055,12.8789709849334,12.0920900147108,7.41244573709261,10.7974870691606,10.371917805958,8.3071431361684,8.13534984688963,1.77452564898517,9.58050369702884,9.33962726964502,9.49340922109421,6.47339791505344,6.52737301097708,6.28097440547707,6.46552401972464,7.01464440785688,9.28070992121252
"TCGA.VQ.A8PM.01",10.2490647890899,11.840324813953,14.2430693761065,9.60825462789336,9.36165455148267,11.4542215037301,10.8801548157728,7.82046786125715,8.52279824915974,6.15448790245703,10.6605804569117,10.079479777053,9.66447544020476,10.1504172785532,5.08508541986701,8.74142326904534,6.01040204617629,8.2680930708979,11.0153224060878
"TCGA.VQ.A8PO.01",8.03283674187204,11.909259274138,14.6197652001121,10.4953034772676,8.91803597341626,10.6833846816594,9.52377596614856,9.16567314334927,7.99697121866492,1.11815967786464,11.2537286893431,9.95090071302342,10.7362010859014,11.033043393402,5.95097195164815,7.08796011086567,5.43679469659961,7.32974985107993,12.4419248449441
"TCGA.VQ.A8PP.01",6.33781022013754,12.9818869031583,13.5441771911997,9.73125523262137,8.7916152806523,9.65461486102932,10.26157493975,7.8172255406905,7.83837280721928,2.64309377794197,9.52186230926983,9.48594784225668,11.1777905413547,10.27287695566,5.53992920030416,9.19560017064455,7.40742516197382,7.44847823869784,9.51675860050738
"TCGA.VQ.A8PQ.01",8.19888238359514,11.9466789769039,12.5132053124294,8.97107442505166,8.72768251037159,10.5113271293819,11.1751567591537,7.12656763485898,8.27551532398602,6.13051713952677,9.87427128294075,11.2504405513083,11.0408883988082,9.86689566367118,6.24049443265141,7.65207719906373,10.2012858829639,7.91842149452707,11.9388723281102
"TCGA.VQ.A8PU.01",9.31327082795712,11.9923143188031,12.3526312732336,9.9765561373781,9.28959826422738,11.4628725345299,8.61013551910664,7.83978523892077,8.54115018075055,2.69140277118003,9.32017713769007,9.18776296896181,10.8974222911169,11.0796023726807,5.9731091284296,6.42282618469885,3.512983231935,7.26059170764051,11.3235803686919
"TCGA.VQ.A8PX.01",10.3144494860261,10.9889400112599,14.045813569501,10.0467203742421,9.79319907989089,10.8724041822034,8.71992012364414,8.91305330835885,8.51910112248765,2.90344915402133,10.2741939657707,9.53074474546907,10.3323228383981,11.329581747998,6.26356398020897,5.02019521712309,3.22338331535615,7.5899799955684,12.9853945194149
"TCGA.VQ.A91A.01",8.75824117533522,13.2202216328906,12.8360377777883,10.4456195178004,8.38406263933083,10.775299510695,11.3088758016963,8.50346349936273,8.45737002700985,3.15329052971474,9.77119716390597,10.2493844618822,10.6878306056999,10.5063792488787,6.28450433905286,9.99677825429102,7.15216810656726,7.17932734675335,9.44912613110775
"TCGA.VQ.A91D.01",7.66890855281901,12.7093126858488,13.48951037746,10.2852739647397,8.68904778327615,9.5635518549134,9.26250266486794,8.43283406686495,7.49107749620559,0.0548435478659477,10.072989374895,9.10233672432734,11.2466679246107,10.2727905694522,4.18021087980201,7.736973004415,5.19979490393484,7.2875420197543,11.1367084506956
"TCGA.VQ.A91E.01",9.2133165774731,11.529154844203,14.0956511089273,9.89672961142665,8.94946271329231,10.4830255765558,8.37651122744496,8.34951337112498,7.68597522123082,4.2340738442693,10.5957081399473,9.85688787051016,10.7549448013995,10.8161160356128,5.31581909458634,5.47392874130314,4.6038458986019,7.10489593542895,10.5094077580576
"TCGA.VQ.A91K.01",7.79368935213437,12.8691806468373,13.3269579782127,9.72831271985983,8.31981139954386,9.70123602916721,9.60935012179527,8.52487823606761,8.49338146507601,5.55133656473521,9.20054653885556,9.9826409779992,11.107593212883,11.507458012546,6.79627651982394,6.75745237778374,5.5941326461975,7.37659895755177,10.5353183574045
"TCGA.VQ.A91N.01",9.94144920305029,11.9018409640562,14.3514464548385,11.3350635103975,8.81598831113254,11.3836560726101,9.84552034424271,7.89422552153001,9.29832436251888,5.37487256063115,10.6635808073623,8.89975891323917,10.4981098028794,11.4066572513178,7.30600845413873,6.8738805143563,5.72220834541628,7.11155095114371,10.1937026976019
"TCGA.VQ.A91Q.01",9.21469169385812,12.2846858079522,13.0442319909799,10.0110052981712,8.23205693643428,10.3089811027107,10.696724386429,7.35894498060406,8.67242015533206,3.4793072411525,9.79178285496589,8.82398891369754,10.2384441800142,10.753930152633,7.87533492900326,8.36488970890043,5.87949968384542,7.54256740193022,10.0944235372795
"TCGA.VQ.A91S.01",8.5707635905702,11.9120163011172,13.2221366690475,10.1302058224436,8.43636816733744,11.2531097643493,10.190177393009,8.00298415085863,8.63697602333068,1.77909344297167,10.4418932275711,9.15078306047542,11.2376361388838,9.35260043255087,5.56133051922159,6.36448462026997,4.67613770207477,7.71716738884431,14.692044479189
"TCGA.VQ.A91U.01",8.23052018230884,11.8187797959911,12.7584193131746,10.2784485103626,8.69379731124128,11.482781648726,9.45165670861518,8.69651398843807,9.03099010599635,3.28535074850381,9.95955527595905,9.13155954087277,11.6975888506931,9.08755096309266,4.84516359761025,5.24397205471117,4.58922578578004,8.48631392293264,13.9103219855838
"TCGA.VQ.A91V.01",10.171175950553,11.9570162451012,12.7756988428924,11.0562892696358,9.02213826836835,10.6970688615728,8.63470921916582,8.73527828659159,8.8688071244904,4.57285084545961,9.03572446877805,8.87102768166433,9.94336716260785,10.6901317323916,5.24160670466577,5.60020017938571,5.48730510004225,8.08515963942407,7.32443559165645
"TCGA.VQ.A91W.01",5.49460298568901,12.3438065215809,13.5327819457044,9.44516268721257,8.79458679251652,10.6490246513022,11.1218850854417,8.08852386136119,9.01963162137232,2.7902615072335,10.562528319538,9.99523398149757,11.1130134887718,10.9377229976802,4.20139415237288,5.55137241464502,4.09352470665635,7.6374587297883,11.7330208623194
"TCGA.VQ.A91X.01",9.86607981220286,12.6930710197922,13.2720071389486,10.8113728782982,8.3831992863177,11.7942849504573,7.17530172262023,9.1185051694837,9.84646015212006,1.15552792713614,10.0886455174557,8.8306823261892,11.0265847370835,10.492378797759,5.8994337190258,3.97379802310626,2.97241485075612,7.30617183236915,12.2309454294722
"TCGA.VQ.A91Y.01",7.92958116038077,14.5039122480458,12.8941236844962,8.82832886340046,7.98872746942964,11.41581667348,11.7447212322705,8.44377285971292,8.60396018270727,8.18783185061305,9.48332793612202,10.131226010038,9.90106480021393,9.31160523092764,5.05193366891936,9.42382613304974,7.61023900379625,7.99854004707784,13.670286702589
"TCGA.VQ.A91Z.01",10.6174566702951,12.5331896621593,13.0855952485159,10.3448261030056,8.50044286514063,11.5281968832447,8.21980036771312,8.12255899133773,8.00577182961239,6.2626499770795,9.38098553106667,8.80647665859818,10.6717542239726,11.0442397099377,7.32176045660795,7.14895164507848,3.37978557570088,8.39282239873958,8.53191098681321
"TCGA.VQ.A922.01",8.68196347322433,12.8548483378783,12.410102585526,10.0046441715291,8.16328785807579,11.2475762634276,11.6848263792382,8.07869834551872,9.02734131251923,4.99344176208528,9.14782280906828,9.98527840616948,10.1580566084365,10.3446909114579,8.0294946834714,8.90902387115585,7.4803404382066,8.20438143107169,10.0068900543224
"TCGA.VQ.A923.01",8.23871543897029,11.4534346556138,12.3240860064835,9.48918664864455,8.53709696749526,11.1916157807306,10.8319067221395,8.31656924411188,8.81596778977162,5.13683672284264,9.321105978065,10.1495833262206,10.8804275289401,10.3584838935062,5.42056387158723,7.86439187625381,5.67726208869764,8.34401682552715,13.6975320766054
"TCGA.VQ.A924.01",8.205944689979,12.6833404114724,14.184548770704,10.9474970613391,8.8997087036505,10.2487494030907,9.55982547126662,9.26692041845641,8.73530347246763,4.14683192107739,10.8851387821587,9.4330047055612,11.5627899356753,11.2382845577031,5.86124330229017,7.4602691534097,6.20288965328903,7.28962943726415,13.6118577385646
"TCGA.VQ.A925.01",9.04000615193148,11.8116345587306,12.6064870004999,10.6572549061751,8.46380018570095,10.8225053856003,9.7900915891151,8.30884037648358,9.94188970481123,5.30369302125093,8.80473665006518,9.46530850991853,10.419680059311,10.4644837049449,3.67519164989834,8.9877768804329,7.34415837745473,7.56679978192203,10.0704526040851
"TCGA.VQ.A927.01",8.71017836829507,11.7003618386845,13.5870747309007,9.41328229404676,8.75882163145454,9.97369803779329,10.549611244426,7.75498294597361,8.49706091036279,7.84287626923952,10.3024506209489,9.64832279942642,9.00674634275435,10.606437114506,4.27670865700397,8.32820150029305,6.23179662069545,7.74030033520064,9.61255311842943
"TCGA.VQ.A928.01",9.62174869148246,13.1874799893253,14.0426462096472,9.59791171455198,9.28891794959455,10.9859430380699,10.8919912943766,8.2272310267567,8.07247898039897,4.12635768222634,9.82294742366312,9.95018273490284,10.5898664524488,10.7479997470335,5.23658615517987,9.05864233408329,6.21379383328127,8.41420534205324,9.28887081463943
"TCGA.VQ.A92D.01",9.26293239096078,11.6101007887569,12.4458526373595,10.913625532684,7.90330188685249,10.431638543769,8.83038163020779,8.43752095050047,7.87643660954315,1.88751324524343,8.85617900685329,9.76103200083213,11.18087640982,10.3485793719525,5.92165748051917,7.47531050939338,5.75089345926203,8.31219423930615,13.0419930438585
"TCGA.VQ.A94O.01",10.0077103775721,12.0310978512372,13.4256948339606,10.9233708822517,8.81432477515613,12.7777692501296,11.0885367765192,9.15701731339652,9.03197216083626,2.92970696642646,9.69477553965124,9.02224808656757,11.1374446613856,7.42967931335767,5.90992210438367,6.82358616785286,5.13258081542226,7.68557135723275,12.7397030381517
"TCGA.VQ.A94P.01",8.32701686486454,15.2038638654146,13.3109372521551,8.70965922968519,8.15706165021778,10.0251021140259,11.6941803050858,7.13530974506562,7.56894357025105,10.8563325324941,9.94664168082611,10.6791939908687,8.2247024453221,7.67226788089524,4.35417261133318,9.66898712487724,9.9432605379216,8.20538214758976,10.6537942693724
"TCGA.VQ.A94R.01",8.99076216381027,11.9233053262852,12.8875525917487,9.90523992822618,7.94365821167709,11.352666463202,11.002889435519,8.14532300180118,8.75895587442451,5.52033599981583,9.7064562726899,9.23775043148023,11.638721732981,10.7701007900854,5.1825778410232,9.17667767395645,8.07158262253353,8.75251011597432,11.2516838365518
"TCGA.VQ.A94T.01",9.23503949352147,12.2979163221371,13.2935219339309,10.6170913458039,9.46125621746785,11.0183498051019,9.66404924723898,9.14693057663017,9.15537799260206,2.62092348878759,9.68620797884844,9.19765066963897,7.57467697381114,11.3336612091734,3.0810561035415,6.16104122354825,4.94195024823232,6.71065973548855,10.6376286134182
"TCGA.VQ.A94U.01",9.18622052076605,12.191962187952,12.9519438115392,10.2502082229573,8.44350766418297,10.8282866706117,11.090935229269,9.29924345306131,9.4439938396072,7.9258023378174,9.93837887676693,9.69447489192278,11.3765601242643,11.0530440806425,6.89900118872483,9.37051568536774,9.91578006901306,9.27022977195729,10.8651974235329
"TCGA.VQ.AA64.01",9.50970786797031,12.5813543594173,12.7257800994754,10.4116623666577,9.28977691134895,11.3378454667236,11.282739184363,8.29276966706633,9.05187745706908,3.89561474876681,9.19094709808451,9.56127593093102,9.67119761788745,10.1946692671263,5.52985897478177,8.87367319645219,7.49070938663461,7.7127910627171,8.57661043226672
"TCGA.VQ.AA68.01",7.02373692665764,12.5150414493478,13.6634255994456,10.4645762742934,8.89773192172193,11.5809651698843,8.69948951580485,8.20602966343315,8.2346443164826,2.11580880939965,10.1531831587443,9.06294056291787,11.9098967216215,11.6111893616977,5.93319255513237,6.53591811560124,6.24663192286773,7.88031131504788,10.9032221913081
"TCGA.VQ.AA69.01",5.00690819121283,12.5984436662319,13.3579261564979,10.6695840788635,8.51743105254764,10.1040838619791,8.41627164573324,8.71253414305225,9.48452522942812,0.709771308393833,9.98978284974572,9.52233136801968,10.3592142573961,10.8261216382554,1.83381131919108,3.68477461464215,2.8662175067984,7.31355040300642,9.18136582777041
"TCGA.VQ.AA6A.01",10.4935520131631,11.5365970472195,12.6275758086545,10.5014598976841,8.44223373131504,11.5196860647641,8.915042895378,8.57801801577607,8.60887165414593,4.29886045171503,10.0700069885408,8.77227665817694,10.8047083725737,10.4314894401062,5.65115441602168,7.32252679368161,5.61166939052502,7.32229204364069,9.16355668799059
"TCGA.VQ.AA6B.01",9.04887283878102,11.9869944210937,12.9287529249692,10.0018140075412,8.91286460307675,12.0755854617662,9.80461357231299,9.44003684229995,9.53676013053532,2.67591805185333,10.809298927376,9.01696335013116,12.0882517932668,11.1516157451059,6.98222728875294,7.70666751227721,4.45186220237897,7.56221601426346,10.3004688190163
"TCGA.VQ.AA6D.01",10.1485029292353,12.2901332618248,13.5319999516565,11.1494857959542,8.73778025947002,11.0321273285253,11.6134106677109,9.41294739080871,7.03450877482718,2.66172770843447,9.03284000274789,9.39574841513482,10.994307317263,11.6840259998566,5.3890849351646,6.02959281070207,5.55064139200692,7.60491204321759,11.0958441869706
"TCGA.VQ.AA6F.01",9.65366973080853,11.6397716460362,13.0414859805403,9.8402452094636,8.42521567036969,11.0252636024132,9.49270795941557,8.03660724184363,9.77512621100736,2.59505514942387,9.88932408349024,9.82907960715348,11.1860676737954,11.0192642594311,5.52029075455376,7.8797291578197,5.42112079656227,7.90216372322171,12.1196733228308
"TCGA.VQ.AA6G.01",8.73476211745311,11.8422638612335,13.2406298760142,9.28459154841653,8.5449172429498,10.8212394903975,10.4746072334745,7.29353118734652,7.71064205970799,2.96924878988699,6.39815105764515,8.682298172753,10.0898492242582,9.94755160209825,7.12353673437998,6.27132544912043,5.18043632596286,7.29857436483816,13.2247700677304
"TCGA.VQ.AA6I.01",8.96139758655367,12.7276099765345,13.7388986384291,10.3983590844358,8.64616123297117,10.9093045848796,9.57514843097147,8.53884461298732,9.41155809303686,4.41466017459212,11.1036276024239,9.01011470495271,11.0230192716212,10.5520661199816,7.08302889789386,7.33354437548491,5.07017092855194,9.58253331546264,8.91422240551618
"TCGA.VQ.AA6J.01",10.5869309365812,11.8282722439008,13.4267578459235,10.0914807981048,8.09021968600886,11.0313748562617,11.6012869365397,8.86789128794435,7.8387306445159,2.25023999770403,10.5084368007487,9.83245687487882,10.5692421892269,9.89353148813457,7.81980062285032,6.11223580002115,6.1669604716538,8.06401281296875,10.7875566872872
"TCGA.VQ.AA6K.01",9.36895359057058,12.1930391134395,12.6600758828821,10.3960814513936,8.6268649138507,11.1608738827331,10.5132382094155,7.97760037860298,9.03734771568797,4.51694496692101,9.30440640475058,9.0822049761116,8.74003305560518,11.8629809151602,5.41171260820198,8.94099623843795,7.27517200812267,7.63077657129081,11.7177668478265
"TCGA.ZA.A8F6.01",8.52008812417759,13.7327740304713,13.0495561306169,8.98894318405595,8.69315293772122,10.3369184044016,10.9384255484024,7.44825712374843,8.45466515540819,8.85494260224642,10.2157224572093,10.0271274802169,10.724472046759,10.5168663649286,5.63430347921333,7.50746099266107,9.65118367630584,8.10903898113338,10.8858254986796
"TCGA.ZQ.A9CR.01",9.20287197899414,12.7039769792827,12.7790441484189,10.4270543459742,8.30019411327941,11.7042650067396,11.4268923294494,9.14118055935482,9.43887305302789,3.44868223904225,9.88240102751459,9.50416761283206,11.1894663418992,10.7385930269215,6.60245759773289,8.68848162123,7.88384051976247,7.63227867790928,10.7474741094777
"TCGA.BR.4191.01",8.3904190191548,11.9366825105982,13.6101867461593,9.90899822980085,8.99152740681822,10.6496811521018,11.1597969313941,9.75081270183848,9.24182724586056,4.49221247563049,10.3094184970855,9.8208719250725,9.86473414471259,11.9314058706854,6.40323041001995,8.00136782989516,7.26434336942207,8.02302005725745,14.3265750961867
"TCGA.BR.4201.01",7.76560278679156,12.8904168071642,13.496170295986,9.61850504331205,8.47940038029864,9.78194560120142,11.4867912298258,9.72592314709036,7.35793571046834,6.58434931009351,10.8753796055692,9.75725666517828,10.7469875860371,10.2981807653225,5.872681983945,7.71778136314867,9.75317887835501,7.7185747881059,9.3393289444969
"TCGA.BR.4253.01",6.0731270831484,11.4106619144919,13.9538378199416,10.0967799135733,8.64887778211185,10.4580491056161,10.1986116575828,9.65517476933229,9.04875704871748,1.76231765309469,11.5489962608128,9.78922732356803,11.0543916902829,10.1465460913727,5.10807930958054,5.32447962676542,4.11108153032648,7.30557331763825,14.919180994332
"TCGA.BR.4255.01",9.39652911091277,14.0443072775353,13.5061442792622,10.0428526727413,7.36168077759345,11.0018549560153,11.8885431870219,9.02120877884248,8.43611528194189,8.1762738743844,9.61375707850553,10.0281170747738,9.3299441431073,10.8569975628447,5.76208058604792,10.1395299842387,9.17163405350345,8.791095773016,11.4975651222103
"TCGA.BR.4256.01",8.5696590292581,13.7015509986214,13.7180179154249,9.91059737936893,8.80656858939427,9.66223327621576,11.6725229848997,9.26160170009338,7.92088277237779,7.67114785423034,10.7941795098224,9.79500681112672,10.6828343145282,10.0691996110198,6.3700428795862,8.25193157722783,9.17797945114616,7.95124535421188,13.6407437458583
"TCGA.BR.4267.01",9.57151604695226,12.9992193219704,13.1235183101046,9.64887314773591,8.6325922299419,10.7040423569728,10.4884415755229,8.9717838716963,9.09642259264922,1.95428203073184,9.42154029873538,9.32603011858232,11.2949639919429,12.6532446671437,4.90741426185494,6.9898652426242,5.61891613934692,7.51031365002203,13.7219189020722
"TCGA.BR.4279.01",8.28618585411981,12.687085604332,13.3924060803201,9.52531777629654,8.77982584311582,9.38430894091861,12.8451725762583,9.27032610262556,8.02760783918887,8.1622618771997,10.1843212912145,9.43692044424294,10.2353180109241,10.1740564715065,3.67461235028995,9.39361534545303,9.85381524040124,8.72320639230446,10.3253113619186
"TCGA.BR.4294.01",9.10607229935952,10.8738055323299,13.3301206657358,8.62927727513526,8.43019222292214,11.3963391836556,9.92000887501982,9.02427921365639,7.72820723655394,11.1247785688762,9.66826522144262,9.22676274748943,11.7648329089932,7.43361690428589,4.73641974661468,8.89007480634027,8.21801546265318,7.55674218364157,5.03501988303332
"TCGA.BR.4357.01",8.89479994530798,12.6401647566242,13.0343176903945,11.0265869701903,7.88375474441281,11.7745451433338,10.8337136678132,8.83287489932397,8.43488753918856,4.04257814087435,10.2903239504312,9.49958620052473,10.3165335977696,11.1119510509789,7.09206562201185,7.43158827578446,6.5534460343978,8.0561799307591,9.68684872915665
"TCGA.BR.4361.01",8.00751713809385,12.1764480694753,13.8063703523647,10.3636891426395,8.60675455097613,9.82289204250768,11.2721864957715,9.79332108012182,8.5991599281703,4.31758894066424,11.0221891630287,9.10817643728425,10.4675325433838,10.936916988856,4.2634317797733,8.00675491756813,7.83530935951807,7.79735889839471,10.1728917304694
"TCGA.BR.4362.01",9.69164461668115,11.9709021093593,13.9485722297527,10.7679159676417,8.66656365011638,9.61039263756033,9.72755253675074,10.3605389925581,8.46748061584146,0.262231972138998,11.1870089450421,9.29323569453063,11.0225398254299,9.96457005166072,6.67787867247657,6.73783193881206,5.00040026754641,7.86227172703872,12.1260574277615
"TCGA.BR.4363.01",7.68541413795734,12.4152723280949,13.8753160555571,10.4073845838175,8.91917790273523,10.5460402588893,11.0785638385061,8.4081302635068,8.92324758405114,4.07880817113775,10.5844259034202,9.51529117468342,10.2117086349835,10.7273779434712,3.93207101895108,7.7619111824995,8.10436107061642,8.08434049349561,11.4364076781472
"TCGA.BR.4366.01",9.84790786795184,11.2800994250189,13.5769136335006,11.0883389871988,8.3065969279927,12.998495075452,11.3270222500713,8.98200466156702,8.24731985806697,4.86984628905286,10.8136939327792,8.87559423163543,9.98794691037998,10.9076960955917,6.00170326220878,7.11056371952102,7.70933716547276,7.73106545356016,9.90588102527368
"TCGA.BR.4367.01",7.75034813237275,12.3689368952535,12.2543646380409,9.86444876059651,8.31035860865972,10.8513676214365,12.0437794221949,8.97675840977995,8.40267367980122,4.42342106060134,10.004793023953,9.19541170532986,11.8175422962908,10.5084232289455,4.28121290297112,9.52069475031838,6.85224966840221,8.39533716747506,13.4268645175032
"TCGA.BR.4368.01",7.98059657846415,12.9142097402344,13.5350956130567,9.99488640290389,8.29533991114704,10.3762781049552,10.4899120917244,8.87800524495839,7.9490477631937,6.95494225495096,10.6321401969946,9.51670420881518,11.7143477568963,10.1163785946008,4.33674579678662,7.62814389110494,7.83194586445444,7.76539625226282,11.05758070861
"TCGA.BR.4369.01",10.0758810986574,11.8071550510734,12.7384066923278,10.6663304573402,7.98437987723031,12.0411372119219,12.4295164106773,9.94356199045353,9.17183097445321,5.02192789265978,8.80551083341931,9.00329602808526,10.2739479877742,7.7211285079382,6.14104634288575,8.8208956923916,7.47822728825514,7.81796058041363,10.7532763422867
"TCGA.BR.4370.01",8.18169798792203,13.1964872205385,13.3123964513917,8.90510799842941,8.56923996596027,10.1064435340055,11.7083646756671,8.59802004865207,7.75734044648157,6.98857615567153,9.97260298243698,10.0551983892874,11.9077479628887,11.0687480838354,4.79204336332701,8.45253422585169,8.58470680808209,7.43683635296736,11.4897520551522
"TCGA.BR.4371.01",7.4629376582681,11.848412057612,13.6013963771756,9.96983753588492,8.60385631190252,11.2061255532117,10.387077435975,8.46795837669386,8.86689551241063,2.4128730841237,10.9439518540185,9.92244054256803,11.7577485487051,11.4748497528251,3.93610354588284,5.81641788913757,5.42388014667494,8.75257179123364,11.0327197882311
"TCGA.CG.4301.01",8.875343248786,12.4055403187608,12.9039469951986,9.42674375226019,8.29144486592446,10.9252850424187,11.5396364512143,9.06340039794702,9.00680249572436,6.352155833388,10.1826923285488,9.03953637700109,10.0458859824339,10.9980967856473,5.60896627857904,7.98701540022565,7.87241785298865,7.49754232950428,8.84934776296311
"TCGA.CG.4304.01",9.02683640976685,11.8743594316522,13.460060950564,9.30450143902166,8.73170490203762,10.8444625176041,11.3099557156349,8.98513518054439,8.97210461843435,2.06676574793023,9.71320383068268,9.62123868661956,11.1510281552686,10.650254428572,4.44832980765063,8.4455906092861,6.58019647226738,8.12067424616436,9.09733544928946
"TCGA.CG.4305.01",9.01915010565477,12.1263855100395,13.8377295055753,9.24267540667602,8.64770889758447,10.6098192670567,10.8147772013735,9.00894937264006,7.43689683057217,5.56018801628622,10.3326459140965,9.64129354349111,10.1858740671727,11.0681598001612,5.67164412895198,7.99535888191746,7.38579531052739,7.54779806849508,10.2085317826161
"TCGA.CG.4306.01",7.40978446324665,12.3241152705062,14.080876939311,10.2948769538341,8.74557362928087,9.49964476077783,10.2295356327494,9.54016269307661,8.40324851156105,5.3418424658417,10.27645405484,9.08431120948074,10.935667522477,10.8372455139089,5.57389902174591,8.00372620846145,6.54006912503866,7.71973166859477,11.9355418403719
"TCGA.CG.4436.01",9.57996289497191,12.692269753924,13.3429311042309,11.0553926408542,8.49150282716814,11.4441526141976,10.9402446398144,9.37805426976062,9.50631897958596,3.17092060856363,11.0316611092504,8.80153610296891,11.6055179077771,9.33213513512349,7.58777565797831,3.59110252036376,4.84973632984932,8.13438689765525,13.2133340788929
"TCGA.CG.4438.01",8.66110774323849,12.6114762500866,12.5428340578845,10.7868430829724,8.22568594761382,11.9895658698442,11.0786545446564,9.258479358408,9.86478816882322,4.52665683925903,9.55667075544484,8.98726129582346,11.5357433682392,10.2966813220529,6.27076241732631,6.89384463440388,5.77042429797747,7.45292313933556,13.6435928750288
"TCGA.CG.4440.01",9.6248350569758,12.6776955665767,13.1255830244909,11.5556476093995,7.66316523279844,11.6456663604555,8.99395610891436,10.0250336089133,9.11845191592836,1.57004694353575,10.2140908533292,9.16128184189091,10.6455363601145,9.48246416136114,6.85310868832555,6.27449348055548,6.7314422597541,7.1720696488919,9.40595140199451
"TCGA.CG.4442.01",8.9093403657183,12.5957878448256,13.897259542746,10.2035798422078,9.33462803738753,9.83650844801501,9.84864045216856,10.2316418558164,8.32914190844346,1.73212148862631,10.555694578768,9.29465922262023,11.3096956825214,10.7613103296303,5.67649844329,6.68314269557762,5.76119741204778,8.16015380041607,7.74148822959215
"TCGA.CG.4443.01",11.6408165722233,13.3985701680362,14.3111152979865,10.789780023203,9.2752636828962,12.5444537092296,10.2331455740919,8.29297452199349,9.45782786592152,5.37708996898078,10.4648770757508,8.8311080313958,9.81582937107854,11.6077726113856,4.78697214441307,5.7602934799959,5.40968834914103,8.25764714617918,6.21832834326529
"TCGA.CG.4444.01",9.54290096362119,12.175729666698,13.1652584612736,10.215121906565,8.33916191462531,11.4875199139107,10.5968542297787,8.83879984624046,8.96783337453282,4.60227009713941,10.3350454378866,9.5578781209842,9.90869998100617,10.9111352791461,5.41933901013515,8.52824404688857,7.04260069040845,8.08642641140154,11.0886208121252
"TCGA.CG.4449.01",9.15306477703221,13.5249500229542,13.0482360916366,10.0194951487302,7.8628467720914,11.1268813108664,11.4249006106042,9.20604618284889,8.41852268341247,6.51707505881131,10.7003724171019,9.09755226732596,10.7432533075744,11.7224914588341,5.82704246538673,8.55471741847042,6.92301092666854,8.55441503405691,10.3071581994757
"TCGA.CG.4462.01",7.74066569806061,12.6892325197578,12.9296700712036,8.91975004505567,8.14338636520992,9.92552294827866,12.1484392575223,7.89668918293258,8.87959559455747,8.29173863032903,9.9399897643851,10.4746627090253,8.59546793506786,10.3949404819577,4.98171432964141,10.5779710085845,10.1723713799656,9.83755853250988,8.90712471549654
"TCGA.CG.4465.01",8.49588654403443,12.1756688621336,14.1414647770152,10.168379528461,8.85541703244202,9.69111626527887,10.6224429455037,9.35014189524914,8.37513198856291,3.1219492944116,11.1771207339997,9.48196857300213,10.9206019943331,10.8011738129149,4.10209541843687,7.35731985806884,7.10183213048604,7.52719203978328,12.2461739863161
"TCGA.CG.4466.01",8.57507719202379,12.2908356883434,13.4769547253754,11.2143230110931,8.70746307934574,11.6621234144804,12.0175297346954,10.3143079900946,9.5867536666282,4.31485399048871,10.3042562364268,8.44789292257267,11.1426460598209,11.0991861327012,6.22059335231972,8.3725958263567,5.44524174437388,7.60170879686516,10.1573788726392
"TCGA.CG.4469.01",8.20683909849646,10.8875732130529,12.4990094594146,10.2787738051168,9.00398686960188,11.0410589655946,11.0210050129761,8.627564927799,8.81206184709754,4.58378818552153,9.91903006860288,9.23613155862172,10.1200734655504,11.3361518224289,5.6141310527429,5.52085953352151,4.33438199466364,8.25828641555746,9.57609203138646
"TCGA.CG.4472.01",7.77004273011559,13.103634435238,12.5625339112476,9.86046502999105,7.95461728961815,10.5098571900862,11.2887156841096,7.85829472417617,9.10230244020436,8.61064912448145,9.24752381129998,9.52209891897118,10.6323382734038,10.6666077406062,4.4253867841523,8.4801578766059,8.33400847472498,7.7230790935485,11.4601584252379
"TCGA.CG.4474.01",7.94033324879459,11.9602689623734,14.5847944512446,9.24124243624494,8.79696481313825,10.3968619957004,11.4319122301759,9.05030430566367,9.00707361745945,4.7243317288997,11.3785937972001,9.83186199605942,11.0243073199098,10.5299936526668,4.79201688628642,9.25400676343335,6.46483098311198,8.69922281789435,10.1433615364092
"TCGA.CG.4475.01",9.86387880115762,12.9667535234742,12.6958270362101,11.043989329237,8.02287641431002,11.0773183000342,11.2490053022483,8.70718212497539,9.64375493680169,4.95710129101233,9.28893256830457,9.23487511980669,8.56698495477898,10.6087526728805,6.2676723826512,8.18075762369057,7.42541192695114,7.20820665149963,7.37967167051601
"TCGA.CG.4476.01",8.77342531374406,12.2245910241015,13.3670743835985,9.76888852788985,8.13494600396265,10.6754376565518,11.6375191566347,8.5560450083324,8.41039491420536,7.71068786821784,10.3603765221032,9.57192710919359,11.210251125359,10.5210638222616,5.8776108693259,8.92243510808757,9.0532916039562,9.05656269762651,8.15013903381009
"TCGA.CG.4477.01",8.82640462785211,12.288194191546,13.0568216265191,10.3356698285709,8.44628925804564,10.8161880551202,10.3038157753374,9.79112847628557,9.10358220095436,6.50860885740413,10.0152321042684,9.76613521960414,10.8390583725435,11.2934408679501,6.13559133987361,7.80185052906292,7.08329330048973,7.79349909660486,14.211448341572
